steam_id,country
76561198076737490,AR
76561198011976717,AR
76561198047334829,AR
76561198000899804,AR
76561198045256062,AR
76561198098361457,AR
76561198083165305,AR
76561198103654291,AR
76561198078354099,AR
76561198142104237,AR
76561198051088342,AR
76561198272395751,AR
76561198139192184,AR
76561198181881229,AR
76561198187260266,AR
76561198020809111,AR
76561198020419189,AR
76561198092323862,AR
76561198039448803,AR
76561198177347043,AR
76561198043444428,AR
76561198162987414,AR
76561199008578772,AR
76561198197754715,AR
76561198058810024,AR
76561198076891170,AR
76561198042433628,AR
76561198344209907,AR
76561198034725241,AR
76561198057377987,AR
76561198259538628,AR
76561198070573129,AR
76561198292116844,AR
76561198050318424,AR
76561198833221848,AR
76561198218018187,AR
76561198102743516,AR
76561198394934113,AR
76561198358781128,AR
76561197986895803,AR
76561199092801246,AR
76561198035011768,AR
76561198310253615,AR
76561198354434811,AR
76561198105675966,AR
76561198007689323,AR
76561198376077270,AR
76561198016494635,AR
76561198055992719,AR
76561198220637399,AR
76561198033060941,AR
76561198391904750,AR
76561198808165425,AR
76561198058907675,AR
76561198012214726,AR
76561198816347438,AR
76561198031349942,AR
76561198129921761,AR
76561198306497155,AR
76561198062077667,AR
76561198314503217,AR
76561198136200487,AR
76561197990770204,AR
76561198147283327,AR
76561198255330965,AR
76561198127006602,AR
76561198109073699,AR
76561198061154745,AR
76561198128968057,AR
76561198062356268,AR
76561198370228257,AR
76561198243086026,AR
76561198848021910,AR
76561199067704841,AR
76561198158905982,AR
76561198058870490,AR
76561198254863779,AR
76561198108322091,AR
76561198163816721,AR
76561198166753280,AR
76561198256927465,AR
76561198349912176,AR
76561198058332195,AR
76561198326252094,AR
76561198139019024,AR
76561198207867509,AR
76561198107936064,AR
76561198039036131,AR
76561197989579316,AR
76561198236975344,AR
76561198169381554,AR
76561198266927317,AR
76561198090690490,AR
76561198089043141,AR
76561198007184964,AR
76561198021954119,AR
76561198337148603,AR
76561198023803886,AR
76561198067438473,AR
76561198039047875,AR
76561198204258625,AR
76561198208369579,AR
76561198009310631,AR
76561198194957391,AR
76561198047028160,AR
76561198371769455,AR
76561198127302190,AR
76561198001313449,AR
76561198032308905,AR
76561198056968724,AR
76561198158041133,AR
76561198802767960,AR
76561198381309564,AR
76561198089859358,AR
76561198115092201,AR
76561197985375980,AR
76561198080866131,AR
76561198188849439,AR
76561198084676195,AR
76561198338494164,AR
76561198087318518,AR
76561197999520887,AR
76561198070052094,AR
76561197967853442,AR
76561198154417644,AR
76561198008896809,AR
76561198401453024,AR
76561198048474901,AR
76561198319770185,AR
76561198004441401,AR
76561198094579406,AR
76561198078027407,AR
76561198107657934,AR
76561198249529544,AR
76561198118133467,AR
76561198168090634,AR
76561198001695893,AR
76561198097322040,AR
76561198252437532,AR
76561198001544125,AR
76561198215206676,AR
76561198057132036,AR
76561198090213472,AR
76561197964017305,AR
76561198358313849,AR
76561198017662898,AR
76561198089586052,AR
76561198067904316,AR
76561198093518210,AR
76561198165467603,AR
76561198155114734,AR
76561198177909945,AR
76561198127060948,AR
76561198158392240,AR
76561198005945823,AR
76561198266814277,AR
76561198142606652,AR
76561198090999941,AR
76561198039177750,AR
76561198145533957,AR
76561198186133737,AR
76561198272542616,AR
76561198000462743,AR
76561198128682162,AR
76561198089190735,AR
76561198142768449,AR
76561198419867303,AR
76561198021353203,AR
76561198044098059,AR
76561198892459521,AR
76561198434946923,AR
76561198009394518,AR
76561198030572605,AR
76561198195319728,AR
76561198178815018,AR
76561198116401920,AR
76561198120147688,AR
76561198201081641,AR
76561198076970174,AR
76561198022875000,AR
76561198074360742,AR
76561198119720639,AR
76561198079795056,AR
76561198277139668,AR
76561198149735694,AR
76561198037252872,AR
76561198851903533,AR
76561198040320273,AR
76561198306314836,AR
76561198122277031,AR
76561198072240504,AR
76561198035042598,AR
76561198197092797,AR
76561198105093247,AR
76561198145045818,AR
76561198055073098,AR
76561198195130785,AR
76561198115457253,AR
76561198208589331,AR
76561198007973318,AR
76561198191969962,AR
76561198066223715,AR
76561198254649554,AR
76561198174622783,AR
76561198027636937,AR
76561198220476391,AR
76561198344662837,AR
76561198062309761,AR
76561198360192172,AR
76561198387508573,AR
76561198154960560,AR
76561198144423779,AR
76561198092234003,AR
76561197989312390,AR
76561198816835074,AR
76561198083936813,AR
76561197965102981,AR
76561198271625001,AR
76561198218375863,AR
76561198059054995,AR
76561198089289691,AR
76561198118145416,AR
76561198957411079,AR
76561198196370828,AR
76561198408006244,AR
76561198047551769,AR
76561198012898234,AR
76561199030923923,AR
76561198012845274,AR
76561198127344808,AR
76561198297453101,AR
76561198115040589,AR
76561199004013389,AR
76561198201630757,AR
76561198142815210,AR
76561198055792695,AR
76561198962195570,AR
76561198275388728,AR
76561198129586504,AR
76561198268311213,AR
76561198287794574,AR
76561198168554000,AR
76561198303390751,AR
76561198129076118,AR
76561198137227951,AR
76561198360940060,AR
76561198070519330,AR
76561198451575990,AR
76561197987153459,AR
76561198095540557,AR
76561198014868694,BR
76561198103754372,BR
76561198249653302,BR
76561197985007043,BR
76561198064190947,BR
76561197994541391,BR
76561197963623459,BR
76561198101523563,BR
76561198268898812,BR
76561198248083832,BR
76561198018075514,BR
76561198130054817,BR
76561198169939985,BR
76561198070973300,BR
76561199075318140,BR
76561198409987057,BR
76561198321122128,BR
76561198037034388,BR
76561198067139337,BR
76561197987815569,BR
76561198065576280,BR
76561198073154420,BR
76561198129345768,BR
76561198127320557,BR
76561198259545857,BR
76561198300575295,BR
76561198083301298,BR
76561198971189108,BR
76561198163784347,BR
76561198116008093,BR
76561198161205061,BR
76561197960555384,BR
76561198321458978,BR
76561198420508941,BR
76561198119188837,BR
76561198085621208,BR
76561198277155153,BR
76561198072325646,BR
76561198007211411,BR
76561198249954826,BR
76561199070954487,BR
76561197962272274,BR
76561198076834920,BR
76561198042559766,BR
76561198111032956,BR
76561198848020753,BR
76561198180189042,BR
76561198046415748,BR
76561198008640615,BR
76561198354798459,BR
76561198094733049,BR
76561198143602424,BR
76561198007123604,BR
76561197990269337,BR
76561198019184877,BR
76561198066616744,BR
76561198297691037,BR
76561198229738060,BR
76561198126804411,BR
76561198057757047,BR
76561198011090425,BR
76561198413123432,BR
76561198319691305,BR
76561198144469869,BR
76561198308628242,BR
76561198078777261,BR
76561198097560449,BR
76561198019078835,BR
76561198099419030,BR
76561198164651434,BR
76561198126629129,BR
76561198042752993,BR
76561198174422098,BR
76561198372536962,BR
76561198073518499,BR
76561198307202047,BR
76561198040465633,BR
76561198156320515,BR
76561198138572086,BR
76561197991660785,BR
76561198205746412,BR
76561198021535497,BR
76561197971353428,BR
76561198204841292,BR
76561198211432232,BR
76561198849053221,BR
76561198026786565,BR
76561198056551327,BR
76561198054869651,BR
76561198193946777,BR
76561198077329260,BR
76561198025131072,BR
76561198816672320,BR
76561198344604771,BR
76561198129581352,BR
76561198127071871,BR
76561198327303760,BR
76561198081321902,BR
76561198025484439,BR
76561197985993195,BR
76561198079886254,BR
76561198060201178,BR
76561197970009143,BR
76561198000464990,BR
76561198205931844,BR
76561198876535513,BR
76561198207535305,BR
76561198013790902,BR
76561198097663118,BR
76561197973055702,BR
76561198446717315,BR
76561198154098259,BR
76561198044142385,BR
76561198127566458,BR
76561198184841871,BR
76561197995946369,BR
76561197998411645,BR
76561198151197093,BR
76561198157810575,BR
76561198079340276,BR
76561198014738556,BR
76561198311875519,BR
76561197995770736,BR
76561198053665521,BR
76561198020840240,BR
76561198045810811,BR
76561197995403754,BR
76561198167171579,BR
76561198959867806,BR
76561197965927246,BR
76561197961226780,BR
76561197985897408,BR
76561198144297402,BR
76561198404460163,BR
76561197962401742,BR
76561198051201591,BR
76561198063990605,BR
76561198264098980,BR
76561198068092521,BR
76561197960311862,BR
76561198812578340,BR
76561197977289691,BR
76561198073709362,BR
76561198448480469,BR
76561198144212243,BR
76561198067686988,BR
76561198113595330,BR
76561198011795671,BR
76561198070684098,BR
76561198304775136,BR
76561198079501327,BR
76561197985866567,BR
76561198075507343,BR
76561198064864059,BR
76561198304618881,BR
76561198048174446,BR
76561198094141781,BR
76561198110248158,BR
76561198410739629,BR
76561198377780687,BR
76561198218061735,BR
76561198135505866,BR
76561198272038069,BR
76561198179028418,BR
76561198074555498,BR
76561198123997749,BR
76561198177157338,BR
76561198159478881,BR
76561198152692937,BR
76561198061985815,BR
76561197964771402,BR
76561198098571718,BR
76561198099384592,BR
76561198056731946,BR
76561198207364875,BR
76561199093789319,BR
76561198116107619,BR
76561198094498882,BR
76561197995909575,BR
76561198259091066,BR
76561198024363431,BR
76561198044882926,BR
76561197986688484,BR
76561197997896525,BR
76561198038769938,BR
76561198110136316,BR
76561198094210239,BR
76561198011595325,BR
76561198051554294,BR
76561198091774112,BR
76561198157294080,BR
76561198046610425,BR
76561198302608941,BR
76561198352861173,BR
76561198123238760,BR
76561198074116796,BR
76561198064279115,BR
76561198139877453,BR
76561198257851578,BR
76561198113583802,BR
76561198052118637,BR
76561198012552735,BR
76561198173569913,BR
76561198013999805,BR
76561198256223449,BR
76561198367074704,BR
76561198144763636,BR
76561198072554955,BR
76561198384103772,BR
76561198067234722,BR
76561197999963844,BR
76561198063011192,BR
76561198071946990,BR
76561198063258231,BR
76561198119687917,BR
76561198014242154,BR
76561198047175981,BR
76561197971796373,BR
76561198140053170,BR
76561198077589271,BR
76561198814807026,BR
76561198144077461,BR
76561198067388989,BR
76561198129301706,BR
76561198851060026,BR
76561198093892906,BR
76561197985099519,BR
76561198200735089,BR
76561197963133178,BR
76561198114125240,BR
76561198083407455,BR
76561198336564568,BR
76561198136969425,BR
76561197990111582,BR
76561198189399754,BR
76561198081670434,BR
76561198071065150,BR
76561198310310334,BR
76561198109333868,BR
76561198419648585,BR
76561198055498765,BR
76561198818088921,BR
76561197982383189,BR
76561198097514663,BR
76561198035307720,BR
76561198358228216,BR
76561198255400996,BR
76561197992342768,BR
76561198064468094,BR
76561198353435243,BR
76561197975386458,CL
76561198082546754,CL
76561198093438754,CL
76561198072733781,CL
76561198143391900,CL
76561198147427920,CL
76561198206880608,CL
76561198076732029,CL
76561198036305019,CL
76561197972423497,CL
76561198241990096,CL
76561198108414171,CL
76561198040051009,CL
76561197989916257,CL
76561198266959801,CL
76561198078393624,CL
76561198049258694,CL
76561198041797292,CL
76561199010164828,CL
76561198035712038,CL
76561198130186130,CL
76561198076487207,CL
76561198001632547,CL
76561198119716588,CL
76561198035979045,CL
76561198174433047,CL
76561198119673150,CL
76561198075590187,CL
76561197966757704,CL
76561198340099089,CL
76561198177360479,CL
76561198081632863,CL
76561198843980548,CL
76561198087527554,CL
76561199013995807,CL
76561198330734177,CL
76561198034466001,CL
76561198040304889,CL
76561198438841298,CL
76561198004158320,CL
76561198084279239,CL
76561198041560622,CL
76561198028536530,CL
76561198038187162,CL
76561198320002655,CL
76561198039319515,CL
76561198159967547,CL
76561198097701282,CL
76561198056998140,CL
76561198382130352,CL
76561198174768153,CL
76561198061585046,CL
76561198074104374,CL
76561198001673221,CL
76561198164945333,CL
76561198056501562,CL
76561198220028177,CL
76561198073229052,CL
76561198004955966,CL
76561198084405758,CL
76561198120269406,CL
76561198049557357,CL
76561198309839370,CL
76561198071197821,CL
76561197968306829,CL
76561198275157437,CL
76561197988552169,CL
76561198264063280,CL
76561197961830115,CL
76561198354114823,CL
76561198164900054,CL
76561198032590941,CL
76561198083294736,CL
76561198113065162,CL
76561198041711739,CL
76561197997504195,CL
76561198060858470,CL
76561198029311153,CL
76561198057946695,CL
76561198084385567,CL
76561198012092861,CL
76561198029671352,CL
76561198045717806,CL
76561198028430300,CL
76561198156546356,CL
76561198039241112,CL
76561198046229647,CL
76561198162957358,CL
76561198049686877,CL
76561198039950497,CL
76561198843438781,CL
76561198272849791,CL
76561198145508737,CL
76561198085993070,CL
76561198798195799,CL
76561198053089037,CL
76561198111265802,CL
76561198057643889,CL
76561198014175924,CL
76561197962743298,CL
76561198370238918,CL
76561197967790543,CL
76561198044180589,CL
76561198126161875,CL
76561198215214191,CL
76561198009393772,CL
76561198022848591,CL
76561198050724728,CL
76561198062658255,CL
76561198253342765,CL
76561198020066688,CL
76561198040682471,CL
76561198066002269,CL
76561198106173763,CL
76561198391530540,CL
76561198042814849,CL
76561197961476243,CL
76561197988252563,CL
76561198152344301,CL
76561198108678250,CL
76561198024546290,CL
76561198853011484,CL
76561198340907830,CL
76561198026938244,CL
76561198123637017,CL
76561198093067847,CL
76561198107042978,CL
76561198065816500,CL
76561198047792518,CL
76561198260401084,CL
76561198027594083,CL
76561198208449397,CL
76561198144321484,CL
76561198090640888,CL
76561198083534135,CL
76561198081869646,CL
76561198033733612,CL
76561198055306075,CL
76561198073624375,CL
76561198069757081,CL
76561198041370513,CL
76561198297179693,CL
76561198078660781,CL
76561198080276183,CL
76561199077318539,CL
76561198037840635,CL
76561198052707009,CL
76561198014333539,CL
76561198180451369,CL
76561198190200470,CL
76561198036309691,CL
76561198405554647,CL
76561198026742741,CL
76561198055082676,CL
76561198061112851,CL
76561198025001894,CL
76561198078105114,CL
76561198273788516,CL
76561198027579524,CL
76561198131474582,CL
76561198109733432,CL
76561198840435484,CL
76561198029624305,CL
76561197977612169,CL
76561198309166580,CL
76561198256531297,CL
76561198118456686,CL
76561198118779105,CL
76561198136649709,CL
76561198326958151,CL
76561198054129038,CL
76561198074426610,CL
76561198135730775,CL
76561198055436001,CL
76561198072922907,CL
76561198089888373,CL
76561198113228059,CL
76561198144194194,CL
76561198012696207,CL
76561198010179594,CL
76561198051115309,CL
76561198174400067,CL
76561198267311103,CL
76561198048808308,CL
76561198058431653,CL
76561198013251444,CL
76561198090323956,CL
76561198316783785,CL
76561198005293638,CL
76561198348715045,CL
76561198043356664,CL
76561198052249783,CL
76561198312557238,CL
76561198044175083,CL
76561198285285552,CL
76561198005943655,CL
76561198352641526,CL
76561198124311519,CL
76561198117628644,CL
76561198051072913,CL
76561198344655863,CL
76561198120325161,CL
76561198308935849,CL
76561198308693029,CL
76561198000284638,CL
76561198116066664,CL
76561198053740650,CL
76561198261455734,CL
76561198310573568,CL
76561198046770930,CL
76561198200999573,CL
76561198272310077,CL
76561198005854932,CL
76561198026119473,CL
76561197998340665,CL
76561198009801571,CL
76561198050684404,CL
76561198043388085,CL
76561198096429551,CL
76561198259959544,CL
76561198069534305,CL
76561198047937495,CL
76561198035409851,CL
76561198033242984,CL
76561198021878360,CL
76561198035850259,CL
76561198084754069,CL
76561198027189303,CL
76561197995289306,CL
76561198161333188,CL
76561198018893707,CL
76561198027590559,CL
76561198381292292,CL
76561198097692054,CL
76561198136541372,CL
76561198026634952,CL
76561198133946716,CL
76561198027546179,CL
76561198062320011,CL
76561198097290973,CL
76561198014697527,CL
76561198102180482,CL
76561198106556071,CL
76561198071237195,CL
76561198001560197,CL
76561198357713782,CL
76561198217775551,CL
76561199049426284,CL
76561198317177848,CL
76561198232408112,CL
76561198041730488,CO
76561198132152467,CO
76561199020811215,CO
76561198111755368,CO
76561198314375349,CO
76561198294140819,CO
76561198274081455,CO
76561198298004195,CO
76561198111623978,CO
76561198803698940,CO
76561198107860518,CO
76561198027650612,CO
76561198064249290,CO
76561198104167654,CO
76561198045227801,CO
76561198380951218,CO
76561198077092035,CO
76561198078135986,CO
76561198378501897,CO
76561198135624818,CO
76561197976314677,CO
76561198138677789,CO
76561198087265106,CO
76561198108752173,CO
76561198126146224,CO
76561198026559187,CO
76561198151756000,CO
76561198268646742,CO
76561198008718297,CO
76561198067552690,CO
76561198108010064,CO
76561198143197664,CO
76561198401616438,CO
76561198147231647,CO
76561198097445275,CO
76561198055610287,CO
76561198149875526,CO
76561197998830536,CO
76561198105337101,CO
76561198315176573,CO
76561198193598230,CO
76561198118903839,CO
76561198144809621,CO
76561198124767932,CO
76561198165174726,CO
76561198074163805,CO
76561198106475554,CO
76561198087254080,CO
76561198098754725,CO
76561198431900094,CO
76561198407295713,CO
76561198200736355,CO
76561198217076583,CO
76561198130370824,CO
76561198273728580,CO
76561198191246011,CO
76561198072099782,CO
76561198189199651,CO
76561198159248666,CO
76561198182403834,CO
76561197990320741,CO
76561198024171112,CO
76561198098295077,CO
76561198250165586,CO
76561197998165782,CO
76561198401802876,CO
76561198078116041,CO
76561198390220418,CO
76561198033151676,CO
76561198390959439,CO
76561198842624594,CO
76561198167585898,CO
76561198139650965,CO
76561198037610911,CO
76561198119361902,CO
76561198146161442,CO
76561198142425810,CO
76561198053045878,CO
76561198802628661,CO
76561198124702324,CO
76561198246076938,CO
76561198247231552,CO
76561198249994258,CO
76561198016852073,CO
76561198161505410,CO
76561198141624256,CO
76561198152721602,CO
76561198006965733,CO
76561199072170095,CO
76561198130249043,CO
76561198250127300,CO
76561198327429502,CO
76561198201999207,CO
76561198008923331,CO
76561198202579833,CO
76561198354179323,CO
76561198156170551,CO
76561198136887166,CO
76561198017499628,CO
76561198091374280,CO
76561198049999540,CO
76561198261861329,CO
76561198155531334,CO
76561198034556691,CO
76561198258071169,CO
76561198047910301,CO
76561198294508904,CO
76561198030630058,CO
76561198086015215,CO
76561198081221817,CO
76561198281405136,CO
76561198839213185,CO
76561198057689764,CO
76561198058007729,CO
76561198115351143,CO
76561198053355100,CO
76561198323321003,CO
76561198236999532,CO
76561198123126697,CO
76561198143409579,CO
76561198281109987,CO
76561198058248678,CO
76561198946343725,CO
76561198356064706,CO
76561198167502235,CO
76561198009659693,CO
76561198296247497,CO
76561198133416904,CO
76561198352219269,CO
76561198303614070,CO
76561198001950212,CO
76561198020285181,CO
76561198170782475,CO
76561198026746755,CO
76561198030115630,CO
76561198871609180,CO
76561198138702711,CO
76561198083745566,CO
76561198091377192,CO
76561198115561001,CO
76561198097887193,CO
76561198026831013,CO
76561198028141121,CO
76561198031435156,CO
76561197960436888,CO
76561198064066533,CO
76561198815585052,CO
76561198292368416,CO
76561198166453018,CO
76561198134096807,CO
76561198402132245,CO
76561199023353232,CO
76561198149155908,CO
76561198119778049,CO
76561198208463104,CO
76561198802750584,CO
76561198105225505,CO
76561199007753968,CO
76561198006626476,CO
76561197971427366,CO
76561198311921585,CO
76561198056639838,CO
76561198048268016,CO
76561198183002650,CO
76561198202607279,CO
76561198296066550,CO
76561198166985671,CO
76561198192064941,CO
76561198090022292,CO
76561198040291272,CO
76561198220513025,CO
76561198263519138,CO
76561198303448698,CO
76561198313450899,CO
76561198135049845,CO
76561198213020752,CO
76561198326909594,CO
76561198047106315,CO
76561198249154042,CO
76561198287698045,CO
76561197975264312,CO
76561198106320027,CO
76561198391772526,CO
76561197971726028,CO
76561198256161971,CO
76561198089765799,CO
76561198059394202,CO
76561198301927902,CO
76561198105164382,CO
76561198157243341,CO
76561198035332869,CO
76561198176083397,CO
76561198088738345,CO
76561198039993184,CO
76561198020548121,CO
76561198254654116,CO
76561198399041357,CO
76561198118657389,CO
76561198009552231,CO
76561198043549347,CO
76561198298972646,CO
76561198308889179,CO
76561199148127072,CO
76561198235667584,CO
76561198319777542,CO
76561198268902240,CO
76561198151623425,CO
76561198058372677,CO
76561198112793205,CO
76561198812588923,CO
76561198210637803,CO
76561198340839913,CO
76561198040326080,CO
76561198122068197,CO
76561198140643417,CO
76561198255181427,CO
76561198245302218,CO
76561198115992941,CO
76561198362085992,CO
76561198092015382,CO
76561198047994799,CO
76561199025860539,CO
76561198124812849,CO
76561198105558801,CO
76561198007723950,CO
76561198119664168,CO
76561198078866355,CO
76561198267246725,CO
76561198097009134,CO
76561198004047662,CO
76561197991521605,CO
76561198075796946,CO
76561198018915768,CO
76561198163566935,CO
76561198385891384,CO
76561198301799328,CO
76561197963249288,CO
76561198068239558,CO
76561197990250193,CO
76561198078742261,CO
76561198448702087,CO
76561198201578615,CO
76561198313181195,CO
76561198347333847,CO
76561197999435600,CO
76561198305585263,CO
76561198050601373,CO
76561198077224285,CO
76561198381145417,CO
76561198864235332,CO
76561198015400016,CR
76561198098549323,CR
76561198058807373,CR
76561198146974583,CR
76561198074591150,CR
76561198081865292,CR
76561198088181829,CR
76561198021096533,CR
76561198133565120,CR
76561198151224878,CR
76561198124945985,CR
76561198088071553,CR
76561198255992519,CR
76561198052011228,CR
76561197980859578,CR
76561198159072485,CR
76561198141180098,CR
76561198046558973,CR
76561198004035792,CR
76561198370843799,CR
76561198024870592,CR
76561198308438405,CR
76561198316350487,CR
76561197989347238,CR
76561198079242304,CR
76561198249305302,CR
76561198034066263,CR
76561198145004961,CR
76561198393745950,CR
76561198153476164,CR
76561198322616471,CR
76561198153250817,CR
76561198263279975,CR
76561197992020874,CR
76561198046096524,CR
76561198055483937,CR
76561198205046009,CR
76561198069263633,CR
76561198170444783,CR
76561198223348224,CR
76561198147168657,CR
76561198057506305,CR
76561198245409908,CR
76561198324340383,CR
76561198192411414,CR
76561198267608137,CR
76561198438189654,CR
76561198036998982,CR
76561198118408105,CR
76561198198538053,CR
76561198183992101,CR
76561198081814153,CR
76561198180386834,CR
76561198409540733,CR
76561197999655569,CR
76561198419292973,CR
76561198127815994,CR
76561198054637865,CR
76561198069856624,CR
76561198103971361,CR
76561198013171470,CR
76561198019601379,CR
76561198060174616,CR
76561198076219837,CR
76561198214706143,CR
76561198095645266,CR
76561198130834985,CR
76561198290015573,CR
76561198038867593,CR
76561197998299585,CR
76561198208788748,CR
76561198068046729,CR
76561198182910214,CR
76561198973372044,CR
76561198970888488,CR
76561198089541599,CR
76561198210379579,CR
76561198112962608,CR
76561198240994962,CR
76561198129158057,CR
76561198828470472,CR
76561198107307014,CR
76561198098749809,CR
76561197982075666,CR
76561198218663327,CR
76561198061833468,CR
76561198072783154,CR
76561198074490336,CR
76561198353692140,CR
76561198411237531,CR
76561198293892688,CR
76561199070455156,CR
76561198215072919,CR
76561198061165185,CR
76561198110054611,CR
76561198112715443,CR
76561198198287157,CR
76561198088373545,CR
76561198960224199,CR
76561198125244285,CR
76561198022340696,CR
76561198092040160,CR
76561198046914470,CR
76561198119808754,CR
76561198097456381,CR
76561199043415841,CR
76561198181152546,CR
76561198341191990,CR
76561198072194683,CR
76561198271563028,CR
76561198031104374,CR
76561198042422923,CR
76561198094128319,CR
76561198398541884,CR
76561198285592214,CR
76561198281673730,CR
76561198078645786,CR
76561198153116769,CR
76561197979648884,CR
76561198961367665,CR
76561198241399476,CR
76561198347588714,CR
76561198255122502,CR
76561199091354500,CR
76561198236151312,CR
76561198203591608,CR
76561198061309280,CR
76561198017372018,CR
76561198094352489,CR
76561198261441964,CR
76561198804608198,CR
76561198811880459,CR
76561198145117930,CR
76561197971276353,CR
76561198296168615,CR
76561198049368015,CR
76561197961983372,CR
76561198046543320,CR
76561198043861644,CR
76561199057625789,CR
76561198046346957,CR
76561198206718823,CR
76561198034185761,CR
76561198075712058,CR
76561198307538415,CR
76561198274006622,CR
76561199163005312,CR
76561198208617924,CR
76561198154211821,CR
76561198962693014,CR
76561198799950084,CR
76561198067412680,CR
76561198081309755,CR
76561199095484152,CR
76561198183757605,CR
76561198253457722,CR
76561198128888502,CR
76561198122086116,CR
76561198054493969,CR
76561198166765348,CR
76561198242351050,CR
76561197975882879,CR
76561199082250835,CR
76561198076437264,CR
76561198890499694,CR
76561198043311034,CR
76561198034253807,CR
76561198064557911,CR
76561198203076875,CR
76561198119887112,CR
76561198219780207,CR
76561199071563021,CR
76561198409190606,CR
76561199003770356,CR
76561197991862211,CR
76561199022420102,CR
76561198347113475,CR
76561198273545372,CR
76561198279875115,CR
76561198081991885,CR
76561198077953522,CR
76561198167210045,CR
76561198066951939,CR
76561198101160423,CR
76561198127069919,CR
76561198134471092,CR
76561198113298831,CR
76561198048206214,CR
76561199085152035,CR
76561198210054467,CR
76561198118542528,CR
76561198284425793,CR
76561198258756918,CR
76561198148975625,CR
76561198146690618,CR
76561198113487565,CR
76561198062432743,CR
76561198165865964,CR
76561198199283902,CR
76561198084242369,CR
76561197993981871,CR
76561198093172960,CR
76561198089178317,CR
76561198244945320,CR
76561198117292325,CR
76561199083834528,CR
76561198797381775,CR
76561198067183851,CR
76561198027231187,CR
76561198215411275,CR
76561198117904585,CR
76561198394237585,CR
76561198142176833,CR
76561198338271784,CR
76561198161887329,CR
76561198197568810,CR
76561198195126275,CR
76561198047954682,CR
76561198815580039,CR
76561198178284785,CR
76561198806910006,CR
76561198981519477,CR
76561198328901097,CR
76561198050756190,CR
76561198208488029,CR
76561198094883761,CR
76561198154597634,CR
76561198199343746,CR
76561198123144430,CR
76561198910325065,CR
76561198106671324,CR
76561198123181909,CR
76561198261505070,CR
76561198331909560,CR
76561198062345999,CR
76561198366840540,CR
76561198316609573,CR
76561198312496607,CR
76561198103504563,CR
76561198124529077,CR
76561198107222485,CR
76561198053289344,CR
76561198257846765,CR
76561198276394944,CR
76561198033618980,CR
76561197990346647,CR
76561198267561605,CR
76561198084213322,CR
76561198066220904,CR
76561198296064050,CR
76561198015087419,CU
76561198149085211,CU
76561197962352618,CU
76561198115522462,CU
76561198235926130,CU
76561198133640926,CU
76561198121314197,CU
76561198336923748,CU
76561198125106997,CU
76561198224055828,CU
76561198272233928,CU
76561198255145634,CU
76561198840733794,CU
76561198171574831,CU
76561198201715963,CU
76561198329467687,CU
76561198199574361,CU
76561198924656350,CU
76561198154001885,CU
76561198218186863,CU
76561198887437486,CU
76561197969173221,CU
76561198185023959,CU
76561198144026687,CU
76561198364261620,CU
76561198084397846,CU
76561198328877093,CU
76561198258896175,CU
76561198193067398,CU
76561198308888903,CU
76561198843020094,CU
76561198134894511,CU
76561198186051715,CU
76561198844523287,CU
76561198096982598,CU
76561198110789295,CU
76561198304267801,CU
76561197965228135,CU
76561198018562913,CU
76561198383134655,CU
76561198832200124,CU
76561198182401050,CU
76561198082684421,CU
76561198825957571,CU
76561198046932973,CU
76561198894658933,CU
76561198375871285,CU
76561198268601884,CU
76561198385023846,CU
76561198157279193,CU
76561198834051399,CU
76561198185715218,CU
76561198061599589,CU
76561198296832608,CU
76561198301323601,CU
76561199111755897,CU
76561198125504887,CU
76561198316003527,CU
76561199165918428,CU
76561198277683924,CU
76561198142338044,CU
76561198043498102,CU
76561198051479695,CU
76561198194138565,CU
76561198817855523,CU
76561198027338258,CU
76561198303825776,CU
76561198442395616,CU
76561198144367088,CU
76561198057706195,CU
76561198361439654,CU
76561198050281224,CU
76561198166976071,CU
76561198343718276,CU
76561198173564399,CU
76561198095767518,CU
76561198081926088,CU
76561198058052863,CU
76561198255567142,CU
76561198337239529,CU
76561198033062309,CU
76561198119706972,CU
76561198201606010,CU
76561198125802636,CU
76561197971256185,CU
76561198168840298,CU
76561198102709787,CU
76561198385225871,CU
76561198164285484,CU
76561198060169791,CU
76561198053934982,CU
76561198018030216,CU
76561198264607114,CU
76561198034963892,CU
76561198182142246,CU
76561198086887346,CU
76561198117460116,CU
76561198273917042,CU
76561198032513638,CU
76561198074885252,CU
76561199118366433,CU
76561198169928230,CU
76561198388740531,CU
76561198310398890,CU
76561198133336799,CU
76561198201941437,CU
76561198340043496,CU
76561198344778346,CU
76561198286297072,CU
76561198261193468,CU
76561198285536730,CU
76561198370852543,CU
76561198045442608,CU
76561198038331910,CU
76561198129660328,CU
76561198850155949,CU
76561198253416998,CU
76561198197259551,CU
76561198264044739,CU
76561198047524315,CU
76561198273671314,CU
76561198223981756,CU
76561198354251747,CU
76561198967959874,CU
76561198849918692,CU
76561198136968333,CU
76561198823076163,CU
76561198351678230,CU
76561198093232077,CU
76561199089965764,CU
76561198055867351,CU
76561198078258151,CU
76561198163616580,CU
76561198146056312,CU
76561198855309851,CU
76561198955153600,CU
76561198108836621,CU
76561198162785635,CU
76561198124115938,CU
76561198061351564,CU
76561198179699554,CU
76561198245179102,CU
76561199099577749,CU
76561197992183200,CU
76561198052045991,CU
76561198091246958,CU
76561198133037684,CU
76561198058620780,CU
76561198060709137,CU
76561198199234187,CU
76561198012413572,CU
76561198045796000,CU
76561198055295994,CU
76561198041813690,CU
76561198396542783,CU
76561198880625596,CU
76561198075078964,CU
76561198201887478,CU
76561198253803204,CU
76561198847230656,CU
76561197966420845,CU
76561198233478144,CU
76561198224185260,CU
76561198375280566,CU
76561199045714815,CU
76561198198084046,CU
76561199174301499,CU
76561198069688832,CU
76561197988620827,CU
76561198283339745,CU
76561198138830959,CU
76561198062309245,CU
76561198336458116,CU
76561198031838348,CU
76561198294165890,CU
76561197961665708,CU
76561198296821905,CU
76561198285639252,CU
76561198154857528,CU
76561198083625927,CU
76561198124340990,CU
76561198211986052,CU
76561198355693891,CU
76561198315158053,CU
76561198187229937,CU
76561198115746947,CU
76561198978470658,CU
76561198029309135,CU
76561198104135335,CU
76561198031983199,CU
76561197995203358,CU
76561198170524306,CU
76561198984655849,CU
76561198128417220,CU
76561198289556066,CU
76561198065434097,CU
76561197996354732,CU
76561198170506101,CU
76561198338613660,CU
76561198237306342,CU
76561198198834022,CU
76561198160569012,CU
76561198044829359,CU
76561198250297878,CU
76561198238900332,CU
76561198353323931,CU
76561198072885387,CU
76561198014094752,CU
76561198064762135,CU
76561198828920268,CU
76561198394377154,CU
76561198303237920,CU
76561198075099857,CU
76561198167162627,CU
76561198147107860,CU
76561198114100311,CU
76561198103203965,CU
76561198219018365,CU
76561198871948692,CU
76561198009748364,CU
76561198204789480,CU
76561198217547080,CU
76561198138907345,CU
76561198119547334,CU
76561198798821055,CU
76561198872116555,CU
76561198138239531,CU
76561198112490118,CU
76561198134679599,CU
76561198012827386,CU
76561198076108607,CU
76561197996037566,CU
76561198421674529,CU
76561198273105342,CU
76561198142550694,CU
76561198119564830,CU
76561197982505389,CU
76561198819194654,CU
76561197966662844,CU
76561198828966133,CU
76561198035698109,CU
76561198826836710,CU
76561199199217894,CU
76561198280270971,CU
76561198843943501,CU
76561198034876101,CU
76561198889460332,CU
76561198195454670,CU
76561198164459412,CU
76561198018307692,CU
76561198070686374,DO
76561198131448943,DO
76561198158623484,DO
76561198327927925,DO
76561198130774198,DO
76561198196125825,DO
76561198129608610,DO
76561198854277601,DO
76561198353724492,DO
76561198152477657,DO
76561198313990536,DO
76561198072104123,DO
76561198134287306,DO
76561198054804873,DO
76561198144347743,DO
76561198091258987,DO
76561198082884211,DO
76561198026165873,DO
76561198123167134,DO
76561198165864502,DO
76561198103270640,DO
76561198123978186,DO
76561198317152497,DO
76561198062697070,DO
76561198337397816,DO
76561198130821222,DO
76561198247384370,DO
76561198197448047,DO
76561198112026007,DO
76561198060003281,DO
76561198150399228,DO
76561198335727108,DO
76561198045996535,DO
76561198048888204,DO
76561198241781484,DO
76561198824917735,DO
76561198015620392,DO
76561198840802161,DO
76561198097142922,DO
76561198240305680,DO
76561198333979072,DO
76561198282638314,DO
76561197971103801,DO
76561198332261218,DO
76561198298104975,DO
76561198128830579,DO
76561198145854909,DO
76561198060712765,DO
76561198274916023,DO
76561198441686070,DO
76561198374511005,DO
76561199001243604,DO
76561198317715509,DO
76561198170152463,DO
76561198314313874,DO
76561198103047804,DO
76561198262567308,DO
76561198076702765,DO
76561198066494069,DO
76561198132906982,DO
76561198315794961,DO
76561198077709966,DO
76561198364730067,DO
76561198803835298,DO
76561198095449555,DO
76561198023602144,DO
76561198359712806,DO
76561198044174049,DO
76561198139404781,DO
76561197970082475,DO
76561198848558902,DO
76561198116396178,DO
76561198273277128,DO
76561198202229556,DO
76561197976597168,DO
76561198376976708,DO
76561198033279137,DO
76561198058512131,DO
76561198885572020,DO
76561198318473221,DO
76561198443732369,DO
76561198151287756,DO
76561198078282740,DO
76561198203674735,DO
76561198057143784,DO
76561198815946891,DO
76561198000692184,DO
76561197978201292,DO
76561198157725308,DO
76561198836198235,DO
76561198246636968,DO
76561198009586584,DO
76561198154692774,DO
76561198116056778,DO
76561198163628284,DO
76561198121190225,DO
76561199070304634,DO
76561198280053704,DO
76561198029983837,DO
76561199026645208,DO
76561198199469331,DO
76561198025564579,DO
76561198099454871,DO
76561198425755592,DO
76561198155680379,DO
76561198166946374,DO
76561198096187303,DO
76561198077782486,DO
76561198381833214,DO
76561198124336376,DO
76561198449766324,DO
76561198158033192,DO
76561198172500675,DO
76561198024750568,DO
76561198084314709,DO
76561198279977861,DO
76561198116164765,DO
76561198869707298,DO
76561198096542019,DO
76561198130880248,DO
76561198124559282,DO
76561198069992654,DO
76561198113536905,DO
76561198390612351,DO
76561198130505633,DO
76561198105322212,DO
76561197976846778,DO
76561198133155095,DO
76561198335895794,DO
76561198419440599,DO
76561198880800655,DO
76561198089950165,DO
76561198070369211,DO
76561198300004557,DO
76561198005269104,DO
76561198348821229,DO
76561198145506778,DO
76561198274249832,DO
76561198148890624,DO
76561198060142913,DO
76561198347663598,DO
76561198389709434,DO
76561198259806891,DO
76561198871560824,DO
76561198058519925,DO
76561198362594635,DO
76561198077687389,DO
76561198984640898,DO
76561198219240275,DO
76561198076530307,DO
76561197964795393,DO
76561198825299271,DO
76561198038313314,DO
76561198146037757,DO
76561198078629595,DO
76561198074322023,DO
76561198428836485,DO
76561198350996123,DO
76561197960338329,DO
76561198209476015,DO
76561198023068099,DO
76561198369824938,DO
76561198842144820,DO
76561198188010341,DO
76561198332408875,DO
76561198264414306,DO
76561198979255931,DO
76561198346473659,DO
76561198118121973,DO
76561198122579380,DO
76561198034213067,DO
76561198119197408,DO
76561198209059508,DO
76561198114188425,DO
76561198842964710,DO
76561198179784677,DO
76561198298488595,DO
76561198004110834,DO
76561198071236164,DO
76561198085836939,DO
76561198841976554,DO
76561198378947968,DO
76561198124018255,DO
76561198094541334,DO
76561197993526180,DO
76561198370568839,DO
76561198047827320,DO
76561198085131852,DO
76561198218306283,DO
76561198120737531,DO
76561198815930026,DO
76561199086889297,DO
76561198370628857,DO
76561197960460763,DO
76561198405846922,DO
76561198405625906,DO
76561198141399687,DO
76561198135992634,DO
76561198043264706,DO
76561198337911826,DO
76561198401328342,DO
76561199004970514,DO
76561198041822249,DO
76561198049316414,DO
76561197991577283,DO
76561199046933998,DO
76561198846128612,DO
76561198124422693,DO
76561198241370022,DO
76561198226397360,DO
76561198950905086,DO
76561197968895635,DO
76561198872527808,DO
76561197966543007,DO
76561199103214757,DO
76561198310397588,DO
76561198109222618,DO
76561198448168741,DO
76561198007131938,DO
76561198046030064,DO
76561198158091516,DO
76561198382636999,DO
76561198272354723,DO
76561198026302429,DO
76561198267470308,DO
76561198019438268,DO
76561198873574746,DO
76561198800636954,DO
76561198849697730,DO
76561198449480865,DO
76561198868653912,DO
76561198979462513,DO
76561198249815328,DO
76561198871993729,DO
76561198444423338,DO
76561199178287915,DO
76561198796679031,DO
76561197988117464,DO
76561198132867322,DO
76561198203305493,DO
76561198110498362,DO
76561198432788178,DO
76561198090989539,DO
76561198426110146,DO
76561198077860524,DO
76561198090885494,DO
76561198851961258,DO
76561199160413080,DO
76561198085106487,DO
76561198132715272,DO
76561198133107949,EC
76561198861550811,EC
76561198145223627,EC
76561198101774749,EC
76561198826923201,EC
76561198199204853,EC
76561198069055720,EC
76561198069153833,EC
76561198029857699,EC
76561198160957298,EC
76561197991248680,EC
76561198146731338,EC
76561198034558991,EC
76561198076879262,EC
76561198114686272,EC
76561198945581991,EC
76561198039765822,EC
76561198035861508,EC
76561198128217547,EC
76561198012829492,EC
76561198086146121,EC
76561197964576864,EC
76561198099625528,EC
76561198151111801,EC
76561198024095709,EC
76561198023187057,EC
76561198080727796,EC
76561198075022902,EC
76561198126663959,EC
76561198096115711,EC
76561198027868963,EC
76561198084853374,EC
76561198325609943,EC
76561198190630401,EC
76561198113220510,EC
76561198068666774,EC
76561198805902054,EC
76561198143171296,EC
76561198053659019,EC
76561198023732141,EC
76561198160676315,EC
76561198020927858,EC
76561198081999725,EC
76561198078559202,EC
76561198094328749,EC
76561198089252847,EC
76561198152427063,EC
76561198321300946,EC
76561198002496550,EC
76561198162207640,EC
76561198120627836,EC
76561198176355689,EC
76561198142396242,EC
76561198062414348,EC
76561198268021026,EC
76561198277333176,EC
76561198069373599,EC
76561198119468071,EC
76561198397814364,EC
76561198100688578,EC
76561198158362811,EC
76561198074304563,EC
76561198097058256,EC
76561198067357537,EC
76561198234354756,EC
76561198399233526,EC
76561198134933819,EC
76561198432691375,EC
76561198176940454,EC
76561198399022397,EC
76561198126763142,EC
76561198130507050,EC
76561198407745402,EC
76561198149390672,EC
76561198079593460,EC
76561198089143629,EC
76561198149945127,EC
76561198059014113,EC
76561198193653774,EC
76561198205997251,EC
76561198077368117,EC
76561198026184796,EC
76561198972481483,EC
76561198229212160,EC
76561198238373762,EC
76561198134165842,EC
76561198095295171,EC
76561198335198473,EC
76561198245337826,EC
76561198110552532,EC
76561198047911872,EC
76561198027102774,EC
76561198190152059,EC
76561198282628547,EC
76561198016664455,EC
76561198423822900,EC
76561198060140920,EC
76561198078378626,EC
76561198172770717,EC
76561198077403679,EC
76561198141808621,EC
76561198123437921,EC
76561198107217737,EC
76561198097083439,EC
76561197960329350,EC
76561198126820857,EC
76561198288574386,EC
76561198112421559,EC
76561198068309835,EC
76561198021488892,EC
76561198075158895,EC
76561198816412587,EC
76561198150351234,EC
76561198083879186,EC
76561198399253273,EC
76561198084808999,EC
76561198104590060,EC
76561198365100349,EC
76561198020206196,EC
76561198210439880,EC
76561198153310281,EC
76561198321890201,EC
76561198151610311,EC
76561198029808245,EC
76561198282999409,EC
76561198247561980,EC
76561198089519408,EC
76561198053277618,EC
76561198122550092,EC
76561198081501354,EC
76561198135505610,EC
76561198056304625,EC
76561198061354208,EC
76561198008949228,EC
76561198095320867,EC
76561198018273720,EC
76561198082757834,EC
76561198324398574,EC
76561198158598392,EC
76561198353626628,EC
76561198095584568,EC
76561198350239070,EC
76561198074322958,EC
76561198086295774,EC
76561198096228293,EC
76561198074185366,EC
76561198098105662,EC
76561198393139742,EC
76561198971220987,EC
76561198310962206,EC
76561198254195925,EC
76561197991911881,EC
76561198140189056,EC
76561198005121263,EC
76561198143049815,EC
76561198166255233,EC
76561198814399649,EC
76561198115175621,EC
76561198800503725,EC
76561198052499297,EC
76561198084756537,EC
76561198146771264,EC
76561197991261889,EC
76561198051710384,EC
76561198123490562,EC
76561198083327180,EC
76561198358184849,EC
76561198291111174,EC
76561198124605877,EC
76561198145344506,EC
76561198298523102,EC
76561198108754473,EC
76561198149750918,EC
76561198133211816,EC
76561198297595489,EC
76561198098581793,EC
76561198272124693,EC
76561198877350227,EC
76561198014146404,EC
76561198049948401,EC
76561198132001817,EC
76561198283901575,EC
76561198015392297,EC
76561198390449476,EC
76561198064969132,EC
76561198012250875,EC
76561198330244902,EC
76561198125367737,EC
76561198097029877,EC
76561198145301182,EC
76561198072937743,EC
76561198181892311,EC
76561198112041011,EC
76561198090075668,EC
76561198075473685,EC
76561198259819524,EC
76561198250048290,EC
76561198263355640,EC
76561198030340105,EC
76561198162410542,EC
76561198156846347,EC
76561198105348174,EC
76561198334775910,EC
76561198141431853,EC
76561198051701050,EC
76561198083483881,EC
76561198077081579,EC
76561198125135557,EC
76561198097888869,EC
76561198195644785,EC
76561198798173824,EC
76561198157367393,EC
76561199016212399,EC
76561198838260935,EC
76561199000592319,EC
76561198178142063,EC
76561198097358495,EC
76561198089071762,EC
76561198067624264,EC
76561198393770779,EC
76561198072500409,EC
76561198049127486,EC
76561198242527616,EC
76561198124973089,EC
76561198051700219,EC
76561198304350915,EC
76561199209898005,EC
76561198084642357,EC
76561198083965961,EC
76561198076472906,EC
76561198093247037,EC
76561198391571705,EC
76561198059717554,EC
76561198093317224,EC
76561198025208072,EC
76561198094832004,EC
76561198330613588,EC
76561198200137097,EC
76561198079001395,EC
76561198124808910,EC
76561198110043941,EC
76561198054487087,EC
76561198163421270,EC
76561198335777818,EC
76561198074021215,EC
76561198346401934,EC
76561198135537724,EC
76561198043891010,EC
76561198118681124,EC
76561198129821396,EC
76561198291217199,GT
76561198080703143,GT
76561198072530053,GT
76561197978396568,GT
76561197960426553,GT
76561199013638934,GT
76561198091088908,GT
76561198165545751,GT
76561198067310875,GT
76561199008924405,GT
76561198074960259,GT
76561198057260257,GT
76561198004533459,GT
76561198139905969,GT
76561198023813572,GT
76561199002729201,GT
76561198271120608,GT
76561197988791945,GT
76561198052895946,GT
76561198847562538,GT
76561198098004115,GT
76561198112131252,GT
76561198011328828,GT
76561198413799365,GT
76561198842950682,GT
76561198043110128,GT
76561198052942025,GT
76561198045864889,GT
76561197967378597,GT
76561198089075474,GT
76561198068740665,GT
76561198207423257,GT
76561198059747612,GT
76561198299886571,GT
76561198322156330,GT
76561198131975184,GT
76561198038394630,GT
76561198081650501,GT
76561198195002765,GT
76561198203047741,GT
76561197979877636,GT
76561198192224383,GT
76561198282113805,GT
76561198072418755,GT
76561198033743252,GT
76561198010746170,GT
76561198283015647,GT
76561198353343676,GT
76561198328166342,GT
76561197960362443,GT
76561198033023229,GT
76561198102799098,GT
76561198053403315,GT
76561198212330420,GT
76561198149637281,GT
76561198065602950,GT
76561198168222303,GT
76561198076869733,GT
76561198130927246,GT
76561198097247166,GT
76561198071433300,GT
76561198115030510,GT
76561198157749025,GT
76561198047584870,GT
76561198254479564,GT
76561198084709049,GT
76561198308778606,GT
76561198134545098,GT
76561198086017817,GT
76561198246421000,GT
76561198345801680,GT
76561198450304850,GT
76561198059525953,GT
76561198350613655,GT
76561198130683905,GT
76561198041805290,GT
76561198071323506,GT
76561197988575992,GT
76561198062435845,GT
76561198057132227,GT
76561198358119440,GT
76561198032215614,GT
76561198076224327,GT
76561198085187449,GT
76561198173804733,GT
76561197961540458,GT
76561197998486592,GT
76561198265487421,GT
76561198045976644,GT
76561198014830851,GT
76561198039741799,GT
76561198268485195,GT
76561198307239535,GT
76561198278617061,GT
76561198071754517,GT
76561198407072440,GT
76561198076345510,GT
76561198355096534,GT
76561198256957964,GT
76561198044213430,GT
76561198166982558,GT
76561198861985077,GT
76561198237489544,GT
76561198013783690,GT
76561198096141989,GT
76561198132099418,GT
76561198372621638,GT
76561199012967511,GT
76561198206947411,GT
76561198273012785,GT
76561198280284087,GT
76561198059311820,GT
76561198430311110,GT
76561198190224009,GT
76561198843141577,GT
76561198165024497,GT
76561198118735123,GT
76561198816075465,GT
76561198379253591,GT
76561198071579564,GT
76561198047705038,GT
76561198302541874,GT
76561198254113574,GT
76561198344592208,GT
76561198359362546,GT
76561198084198747,GT
76561198157836904,GT
76561198116394159,GT
76561198161317527,GT
76561198079093164,GT
76561198228341032,GT
76561198069289498,GT
76561198981116437,GT
76561198110785279,GT
76561198873241733,GT
76561198015970416,GT
76561198852677364,GT
76561198086798071,GT
76561198219278519,GT
76561198057637453,GT
76561198414182483,GT
76561198297371473,GT
76561198076273481,GT
76561198122063829,GT
76561198289356908,GT
76561198155739495,GT
76561198004362270,GT
76561199148947024,GT
76561198129955150,GT
76561198348017574,GT
76561198152469478,GT
76561198101504066,GT
76561198262739102,GT
76561198301275513,GT
76561198194133911,GT
76561198221730152,GT
76561197965654586,GT
76561198845963235,GT
76561198379774130,GT
76561198101165056,GT
76561198297276867,GT
76561198447074943,GT
76561198869930995,GT
76561198150527660,GT
76561198066376851,GT
76561198002423134,GT
76561198085081712,GT
76561198385181859,GT
76561198870528426,GT
76561198054915862,GT
76561198177266002,GT
76561198114155696,GT
76561198099284227,GT
76561198157973817,GT
76561198219582339,GT
76561198066521885,GT
76561198380782214,GT
76561198069685723,GT
76561198806628516,GT
76561198382692116,GT
76561198410601032,GT
76561198038868249,GT
76561199123097581,GT
76561198238661784,GT
76561198149868923,GT
76561198157592186,GT
76561198806780000,GT
76561199123138645,GT
76561198352935265,GT
76561198050305569,GT
76561198322851695,GT
76561198258434439,GT
76561198274785172,GT
76561199080175455,GT
76561198335956552,GT
76561197994291333,GT
76561198269030050,GT
76561198188461649,GT
76561198115904623,GT
76561198284492905,GT
76561198095645029,GT
76561198306074290,GT
76561198263354675,GT
76561198223138828,GT
76561198145075886,GT
76561198112409647,GT
76561198074451555,GT
76561198032781118,GT
76561199014974899,GT
76561198151667117,GT
76561199096345049,GT
76561198323587627,GT
76561198075914421,GT
76561198139360151,GT
76561198271144871,GT
76561198151520886,GT
76561198062710069,GT
76561198989927612,GT
76561198130603181,GT
76561198144259874,GT
76561198072688766,GT
76561198017116972,GT
76561198369185774,GT
76561199144323784,GT
76561198330046440,GT
76561198024081452,GT
76561198346145685,GT
76561198277549732,GT
76561198061101163,GT
76561198321308574,GT
76561198090215149,GT
76561198385421662,GT
76561198158005698,GT
76561198194193487,GT
76561198841688461,GT
76561198267409871,GT
76561198130666522,GT
76561198144878042,GT
76561198988881961,GT
76561198251692912,GT
76561198287915635,GT
76561198116078089,GT
76561198146761346,GT
76561198046761854,GT
76561198164105867,GT
76561198071115302,GT
76561198083300081,GT
76561198131156361,GT
76561198067031290,GT
76561198290491939,GT
76561198118891321,HN
76561198058365245,HN
76561198099198079,HN
76561198065140077,HN
76561198072938488,HN
76561198893322867,HN
76561198003766205,HN
76561198068777373,HN
76561198035080588,HN
76561198159707326,HN
76561198136087882,HN
76561198313111274,HN
76561198151010365,HN
76561198965590273,HN
76561198117617566,HN
76561198079212375,HN
76561197998865607,HN
76561198260721660,HN
76561198076980650,HN
76561198151814477,HN
76561198284469975,HN
76561198089573892,HN
76561198257589239,HN
76561198218410273,HN
76561198269284424,HN
76561198261814067,HN
76561198135506921,HN
76561198007390756,HN
76561198160043020,HN
76561198246955244,HN
76561198039844126,HN
76561198152335745,HN
76561198058576800,HN
76561198018456261,HN
76561198206599223,HN
76561198145195271,HN
76561198998060208,HN
76561198348421971,HN
76561198383787087,HN
76561198119468837,HN
76561198253735282,HN
76561198093714956,HN
76561198079490563,HN
76561198069227791,HN
76561198218290527,HN
76561198018258895,HN
76561198191290258,HN
76561197982767055,HN
76561198009799606,HN
76561199156400883,HN
76561198020040531,HN
76561198270943209,HN
76561198296519095,HN
76561198104707075,HN
76561198022474743,HN
76561198252204698,HN
76561198928169711,HN
76561198120909428,HN
76561198241487886,HN
76561198086247757,HN
76561199080331726,HN
76561198242988420,HN
76561197985613574,HN
76561199099661301,HN
76561198140807930,HN
76561198098544325,HN
76561198142785755,HN
76561198202114072,HN
76561198248633414,HN
76561198095580942,HN
76561198269415906,HN
76561198143278513,HN
76561198188452843,HN
76561198102496454,HN
76561198078415640,HN
76561198116748974,HN
76561199024860101,HN
76561198041312460,HN
76561198160004284,HN
76561198132914157,HN
76561199018548689,HN
76561198801402685,HN
76561198082201297,HN
76561198096153928,HN
76561198357786791,HN
76561198163218549,HN
76561198372233248,HN
76561198149131272,HN
76561197997298492,HN
76561199135313997,HN
76561197991008323,HN
76561198007923354,HN
76561198073156838,HN
76561198128344585,HN
76561198026782192,HN
76561197981476135,HN
76561198247246578,HN
76561198875454987,HN
76561198433902960,HN
76561198092235511,HN
76561198268768913,HN
76561198329922924,HN
76561199067081945,HN
76561198075067832,HN
76561198327994714,HN
76561198223068312,HN
76561198075489584,HN
76561198066084748,HN
76561198069046514,HN
76561198982446625,HN
76561198256859986,HN
76561199109394285,HN
76561198129508649,HN
76561198047040436,HN
76561198359807541,HN
76561198359502034,HN
76561198020137621,HN
76561198389760047,HN
76561198323379106,HN
76561198030984871,HN
76561198011671663,HN
76561198227707124,HN
76561198399513786,HN
76561198058071290,HN
76561198867426169,HN
76561198211142597,HN
76561198334484858,HN
76561198087131271,HN
76561198332453734,HN
76561198358216799,HN
76561198054378883,HN
76561198353801289,HN
76561198085753509,HN
76561198052412349,HN
76561198351967339,HN
76561198260463497,HN
76561198214779185,HN
76561198368701754,HN
76561198357884330,HN
76561198059534431,HN
76561198107013907,HN
76561198254405015,HN
76561198294162409,HN
76561198069743327,HN
76561198987441044,HN
76561198144310133,HN
76561198081007506,HN
76561199139837043,HN
76561198056841328,HN
76561198062226898,HN
76561198371388631,HN
76561198416669994,HN
76561198054453356,HN
76561198058326863,HN
76561198348665651,HN
76561198269290626,HN
76561198398337621,HN
76561198312565625,HN
76561198293172029,HN
76561198311026838,HN
76561198290212499,HN
76561198414693261,HN
76561198277143865,HN
76561198367564255,HN
76561198138579296,HN
76561198443665499,HN
76561198231515784,HN
76561198374887179,HN
76561198092533452,HN
76561198174658426,HN
76561198300370684,HN
76561198260623439,HN
76561198883498271,HN
76561198360480254,HN
76561198029424195,HN
76561198159969348,HN
76561198342917464,HN
76561198000191748,HN
76561199000488722,HN
76561198275448140,HN
76561198025418952,HN
76561197978242267,HN
76561198189209145,HN
76561198305056791,HN
76561198799913073,HN
76561198279884461,HN
76561199099766980,HN
76561198023595453,HN
76561198804757721,HN
76561198802124395,HN
76561198862013899,HN
76561198119305852,HN
76561198993198739,HN
76561199056238277,HN
76561198139230621,HN
76561198157695568,HN
76561198046277750,HN
76561198303050309,HN
76561198864749104,HN
76561198136625024,HN
76561198081339444,HN
76561198377419073,HN
76561198846478905,HN
76561198118635726,HN
76561199105306475,HN
76561198126449493,HN
76561198209731933,HN
76561199125933355,HN
76561198048453778,HN
76561198257227322,HN
76561198090275417,HN
76561198122152405,HN
76561198109429669,HN
76561198889125326,HN
76561199027680467,HN
76561198417266888,HN
76561198446760735,HN
76561198982915430,HN
76561198149753534,HN
76561198182577618,HN
76561198047094611,HN
76561198038652288,HN
76561198228840280,HN
76561198843941967,HN
76561198038263508,HN
76561199026498229,HN
76561198312684610,HN
76561198315059009,HN
76561198238194130,HN
76561198283399091,HN
76561198207375449,HN
76561198347325973,HN
76561198054086393,HN
76561198421402634,HN
76561198202162285,HN
76561198136419755,HN
76561198871958904,HN
76561198355500144,HN
76561198200536129,HN
76561198158490802,HN
76561198060258365,HN
76561198076578647,HN
76561198078674964,HN
76561199220892056,HN
76561198420725303,HN
76561198004548876,HN
76561198368534843,HN
76561198856357208,HN
76561199050934389,HN
76561198245055284,HN
76561198258194935,MX
76561198019051923,MX
76561198063536708,MX
76561198447765543,MX
76561197964814160,MX
76561198023234909,MX
76561197964247435,MX
76561198137755376,MX
76561198091361388,MX
76561198023282990,MX
76561198115651695,MX
76561198077995591,MX
76561198098026338,MX
76561197972676539,MX
76561198063512395,MX
76561198153631140,MX
76561198080492951,MX
76561198067494486,MX
76561197961048460,MX
76561198146684277,MX
76561198141158955,MX
76561198055646940,MX
76561198173044893,MX
76561198040595927,MX
76561198025759885,MX
76561198300977728,MX
76561198151225425,MX
76561198236856318,MX
76561198142895309,MX
76561198018266806,MX
76561198267474601,MX
76561198062867336,MX
76561198119557042,MX
76561198286522799,MX
76561198171097381,MX
76561198094726738,MX
76561199221665640,MX
76561198069356336,MX
76561198074376661,MX
76561198029273397,MX
76561198834513898,MX
76561198216410293,MX
76561198161464100,MX
76561197999825772,MX
76561198028933790,MX
76561198344406974,MX
76561198137532237,MX
76561198064026325,MX
76561198138728794,MX
76561198087477313,MX
76561198033105432,MX
76561198418302933,MX
76561198104770408,MX
76561198136662317,MX
76561198403462186,MX
76561198168906031,MX
76561198070692976,MX
76561198182148385,MX
76561198037926325,MX
76561198168525783,MX
76561198340293911,MX
76561198089514448,MX
76561198249855320,MX
76561198156470032,MX
76561198167173433,MX
76561198012854321,MX
76561197982569975,MX
76561198186404866,MX
76561198072685778,MX
76561198114847183,MX
76561198190703379,MX
76561198319164040,MX
76561198022878601,MX
76561198026536225,MX
76561198164596449,MX
76561198135501858,MX
76561198080659057,MX
76561198098181194,MX
76561198118829267,MX
76561198128560200,MX
76561198113414999,MX
76561198067640651,MX
76561198139326689,MX
76561198249009510,MX
76561199071297056,MX
76561198149697318,MX
76561198080353567,MX
76561198048816638,MX
76561198045867485,MX
76561198038135216,MX
76561198266957935,MX
76561198284521137,MX
76561198117226819,MX
76561198305532647,MX
76561198016740810,MX
76561198247174736,MX
76561198049503672,MX
76561198027613845,MX
76561198176548370,MX
76561198254061767,MX
76561198187642154,MX
76561197994619635,MX
76561198093536635,MX
76561198071970879,MX
76561198135344342,MX
76561198043963202,MX
76561198024965733,MX
76561198177718449,MX
76561197991547719,MX
76561198034765990,MX
76561198119239723,MX
76561198138005240,MX
76561198256886614,MX
76561198179891478,MX
76561198403363237,MX
76561198053035267,MX
76561198006178421,MX
76561198066586343,MX
76561198055189950,MX
76561198075287131,MX
76561198136757467,MX
76561198152869334,MX
76561198151319880,MX
76561198123494122,MX
76561198130089116,MX
76561198033704478,MX
76561198061913489,MX
76561198071427581,MX
76561198127273447,MX
76561197985867363,MX
76561198258324148,MX
76561198344211659,MX
76561198095565697,MX
76561198263308786,MX
76561198109636163,MX
76561198124795561,MX
76561198093249996,MX
76561198071230830,MX
76561198121336633,MX
76561198321552955,MX
76561198137520930,MX
76561198091959655,MX
76561198283746015,MX
76561197995566144,MX
76561198334300177,MX
76561198191324771,MX
76561198263078981,MX
76561198292507671,MX
76561197999819301,MX
76561198119218852,MX
76561198337467767,MX
76561198104368873,MX
76561198105509820,MX
76561198177356823,MX
76561198355985650,MX
76561198116825944,MX
76561198267041810,MX
76561198075982060,MX
76561198027634538,MX
76561198259549838,MX
76561198083213283,MX
76561198145906187,MX
76561198192875777,MX
76561198273203726,MX
76561198313368826,MX
76561198062342639,MX
76561198167921011,MX
76561198041550834,MX
76561198132182637,MX
76561198286141799,MX
76561198065815978,MX
76561198314781629,MX
76561198238021936,MX
76561198158276134,MX
76561198257597186,MX
76561198144135135,MX
76561198034393038,MX
76561197969234453,MX
76561198384749779,MX
76561198200296997,MX
76561198191379746,MX
76561198288876653,MX
76561198120448400,MX
76561198027327670,MX
76561198036488558,MX
76561198045711148,MX
76561198312550684,MX
76561198145040430,MX
76561198014749514,MX
76561198062735297,MX
76561198086802154,MX
76561198139154609,MX
76561198139730452,MX
76561198290962527,MX
76561197996069336,MX
76561198001390921,MX
76561198175894754,MX
76561198042775435,MX
76561198308400644,MX
76561198202906987,MX
76561198079390934,MX
76561198022187881,MX
76561198172428143,MX
76561198189636435,MX
76561197993812102,MX
76561199100648526,MX
76561198044598443,MX
76561198000545375,MX
76561198183317542,MX
76561198263143418,MX
76561198259345005,MX
76561198327435137,MX
76561198124187440,MX
76561198034617281,MX
76561198306434334,MX
76561198012304945,MX
76561198113690598,MX
76561198015359705,MX
76561198067389454,MX
76561198070070253,MX
76561198081793759,MX
76561198167239734,MX
76561198051747639,MX
76561198121800966,MX
76561198097723722,MX
76561198311069001,MX
76561198092006210,MX
76561198273100153,MX
76561198267907776,MX
76561198305824094,MX
76561198274069116,MX
76561198183854523,MX
76561198867292368,MX
76561198047290150,MX
76561198010233672,MX
76561198006442409,MX
76561198203402337,MX
76561198169587671,MX
76561198003804651,MX
76561198300291288,MX
76561198358580308,MX
76561198116212857,MX
76561198082726971,MX
76561198149191371,MX
76561198087100798,MX
76561198072899714,MX
76561198082589072,MX
76561198083530306,MX
76561198355155279,MX
76561197994195867,MX
76561198006630954,NI
76561198105025498,NI
76561198374838220,NI
76561198182465462,NI
76561198246458230,NI
76561198269300686,NI
76561198368902544,NI
76561198113664420,NI
76561197961143236,NI
76561198825805555,NI
76561198020572080,NI
76561198151874244,NI
76561198248596532,NI
76561198106827832,NI
76561198125815750,NI
76561198253672972,NI
76561198988197296,NI
76561198150311199,NI
76561198376268599,NI
76561198092996056,NI
76561198115876475,NI
76561198290871348,NI
76561198159551108,NI
76561198010577274,NI
76561198267667877,NI
76561198085422055,NI
76561198156024360,NI
76561198135728187,NI
76561198076343724,NI
76561198062080163,NI
76561198885869008,NI
76561198254550499,NI
76561198145750528,NI
76561198180416042,NI
76561198101148032,NI
76561198218144037,NI
76561198276598607,NI
76561198116445118,NI
76561198234570228,NI
76561198047202533,NI
76561198356676161,NI
76561198129362445,NI
76561198382335889,NI
76561198982454604,NI
76561197975301897,NI
76561199082101388,NI
76561198059525617,NI
76561198110597051,NI
76561198337483607,NI
76561198044413066,NI
76561198164698121,NI
76561198108171071,NI
76561197998904713,NI
76561198099207960,NI
76561198049242478,NI
76561198069058197,NI
76561198145633660,NI
76561198401146359,NI
76561198180636043,NI
76561198185929022,NI
76561198302514727,NI
76561198034617415,NI
76561198119624795,NI
76561198025281362,NI
76561198198988722,NI
76561197981046677,NI
76561198041204010,NI
76561198005423728,NI
76561198149332582,NI
76561198150226650,NI
76561198173979981,NI
76561198262929537,NI
76561198066279768,NI
76561198138417208,NI
76561198012812070,NI
76561198045512552,NI
76561199177172914,NI
76561198142558584,NI
76561198027023990,NI
76561199101585240,NI
76561198133681070,NI
76561198391854842,NI
76561198330650797,NI
76561198323036817,NI
76561198097330822,NI
76561198021981432,NI
76561198131105236,NI
76561198321597906,NI
76561198278103445,NI
76561198279079706,NI
76561198101219781,NI
76561198190698289,NI
76561198139764770,NI
76561198280704654,NI
76561198416241005,NI
76561198181831177,NI
76561198285424880,NI
76561198411451923,NI
76561198013923945,NI
76561198252569718,NI
76561198358569529,NI
76561198178950158,NI
76561198355941341,NI
76561198430288108,NI
76561198117065562,NI
76561198201532853,NI
76561199100884749,NI
76561198083525066,NI
76561198804101346,NI
76561198069657788,NI
76561198118166521,NI
76561198035070507,NI
76561198818026746,NI
76561199015189675,NI
76561198207909137,NI
76561198280883855,NI
76561198225170288,NI
76561198130620014,NI
76561198273253117,NI
76561198110187196,NI
76561198172462502,NI
76561198135432883,NI
76561197994632563,NI
76561198875600936,NI
76561198039084779,NI
76561198200903091,NI
76561198183662201,NI
76561198162758309,NI
76561198367524813,NI
76561198406278378,NI
76561198202996631,NI
76561198268837336,NI
76561198267165270,NI
76561198817681117,NI
76561198283137754,NI
76561199056845963,NI
76561197993866624,NI
76561198261873951,NI
76561198107737906,NI
76561198259281276,NI
76561199139251258,NI
76561198247445958,NI
76561198209942297,NI
76561198034186040,NI
76561198053351253,NI
76561198191346711,NI
76561198074708920,NI
76561198358848207,NI
76561198387124451,NI
76561198277268736,NI
76561198312639725,NI
76561198405336894,NI
76561198119669846,NI
76561199036646512,NI
76561198090271815,NI
76561198156379075,NI
76561198279113967,NI
76561198290140725,NI
76561198168714811,NI
76561197990299279,NI
76561198260298624,NI
76561198123790657,NI
76561198112948278,NI
76561199154437066,NI
76561198135381845,NI
76561198120698861,NI
76561198920780682,NI
76561198959873433,NI
76561198857601157,NI
76561198436421942,NI
76561199091137411,NI
76561198446165442,NI
76561198268751993,NI
76561198160895291,NI
76561199045289605,NI
76561198405969442,NI
76561198841147197,NI
76561199039002414,NI
76561199215089580,NI
76561199113320326,NI
76561198388672793,NI
76561198345518203,NI
76561199065549168,NI
76561199178298844,NI
76561198410350252,NI
76561198099266380,PA
76561198309192904,PA
76561198400524205,PA
76561197984740587,PA
76561198150183645,PA
76561198011354624,PA
76561198361873962,PA
76561198137989773,PA
76561198091850348,PA
76561198040050318,PA
76561198013481533,PA
76561198401581453,PA
76561198014303760,PA
76561198375422288,PA
76561198084407680,PA
76561198143718332,PA
76561198176658517,PA
76561198152132087,PA
76561198052788274,PA
76561198040625196,PA
76561198068574361,PA
76561198317584807,PA
76561198058815303,PA
76561198018505805,PA
76561197963673672,PA
76561197962443524,PA
76561197996807894,PA
76561198189323506,PA
76561198354341047,PA
76561198211748203,PA
76561197971253612,PA
76561198275294944,PA
76561198234729020,PA
76561199000509090,PA
76561198849102805,PA
76561197990131365,PA
76561198262133545,PA
76561198142182387,PA
76561198128905365,PA
76561198076580598,PA
76561198019850233,PA
76561198395475875,PA
76561198077676353,PA
76561199061321647,PA
76561198046437199,PA
76561198313649653,PA
76561198116116176,PA
76561197961782997,PA
76561198122468689,PA
76561198122083141,PA
76561198118380167,PA
76561197961448282,PA
76561198040783380,PA
76561198027993240,PA
76561198152305816,PA
76561198122548280,PA
76561198124961535,PA
76561197990598903,PA
76561198994457208,PA
76561198224729472,PA
76561198185732125,PA
76561198227663572,PA
76561198260427639,PA
76561198020085684,PA
76561198361603133,PA
76561198002141934,PA
76561198124115863,PA
76561198139201900,PA
76561198113016844,PA
76561198042820033,PA
76561198371466208,PA
76561198063774323,PA
76561198808966019,PA
76561197991372194,PA
76561198295651120,PA
76561198078817073,PA
76561198191364321,PA
76561198137612821,PA
76561198035060554,PA
76561198182035003,PA
76561198382629973,PA
76561198189493851,PA
76561198328656245,PA
76561198147940383,PA
76561198099279080,PA
76561198995271871,PA
76561198030672410,PA
76561198259824561,PA
76561199034584311,PA
76561198109909039,PA
76561198093856322,PA
76561198042368566,PA
76561198417367388,PA
76561197996215133,PA
76561198043786658,PA
76561198005330156,PA
76561198338314862,PA
76561198283145399,PA
76561198844439886,PA
76561198189767478,PA
76561198448605245,PA
76561198116587720,PA
76561198371446192,PA
76561198244299948,PA
76561198969998321,PA
76561198071290650,PA
76561198070035694,PA
76561198321549750,PA
76561198092157468,PA
76561198114253158,PA
76561198149881136,PA
76561198328052436,PA
76561197976723264,PA
76561198253574760,PA
76561198196241877,PA
76561198240095628,PA
76561198050801647,PA
76561198253941563,PA
76561198338708437,PA
76561198051995332,PA
76561198385526220,PA
76561198871826225,PA
76561197961631842,PA
76561198450825514,PA
76561198099675386,PA
76561198131112492,PA
76561199012106069,PA
76561198307946202,PA
76561198839184364,PA
76561198135576475,PA
76561198282713200,PA
76561198278180330,PA
76561198406923111,PA
76561198105191501,PA
76561198046273135,PA
76561197968733554,PA
76561197975813349,PA
76561198828667323,PA
76561198050593486,PA
76561198079250356,PA
76561198277247225,PA
76561198047463474,PA
76561198085628514,PA
76561198041233509,PA
76561198124798964,PA
76561198384380594,PA
76561198084073153,PA
76561198274639355,PA
76561198402945040,PA
76561198283408902,PA
76561198044171545,PA
76561198874672199,PA
76561198066106522,PA
76561198318285095,PA
76561198343495309,PA
76561198056682062,PA
76561198111882371,PA
76561198020246069,PA
76561199029987632,PA
76561198141666449,PA
76561198182647707,PA
76561198263893541,PA
76561198260716013,PA
76561197962647391,PA
76561198068300927,PA
76561198098517889,PA
76561198156297754,PA
76561198172393926,PA
76561198058604602,PA
76561198064528426,PA
76561198135699682,PA
76561198064459088,PA
76561198065196701,PA
76561198044638928,PA
76561198097558815,PA
76561198024569961,PA
76561198047182831,PA
76561198323024427,PA
76561198083425976,PA
76561198036656981,PA
76561197998049579,PA
76561198054085386,PA
76561198445097175,PA
76561197963916322,PA
76561198014430153,PA
76561198914826611,PA
76561197962697557,PA
76561198082963197,PA
76561198154742922,PA
76561198317576419,PA
76561198940956081,PA
76561198189839259,PA
76561198007854842,PA
76561198268990399,PA
76561198120538041,PA
76561198243447180,PA
76561198121317224,PA
76561199016259592,PA
76561198060696579,PA
76561198005180642,PA
76561197991648830,PA
76561198298651420,PA
76561198272087427,PA
76561198125109424,PA
76561198015915532,PA
76561198257034862,PA
76561197993323352,PA
76561198256193256,PA
76561198275675831,PA
76561198134806686,PA
76561198847076792,PA
76561198320766243,PA
76561198406585095,PA
76561198271179730,PA
76561198172992949,PA
76561198802638149,PA
76561198099684154,PA
76561198001630915,PA
76561198174868725,PA
76561198022772766,PA
76561198267684037,PA
76561198013389087,PA
76561198443577456,PA
76561198366279954,PA
76561198063869680,PA
76561198261643392,PA
76561198208880328,PA
76561198095768541,PA
76561198231727624,PA
76561198076570191,PA
76561197995909798,PA
76561198341985194,PA
76561198233099752,PA
76561198845786928,PA
76561198144549724,PA
76561198043794512,PA
76561198302400878,PA
76561198836157151,PA
76561198129162677,PA
76561198127338222,PA
76561198145308108,PA
76561198397239973,PA
76561198215629249,PA
76561198253969775,PA
76561198817030018,PA
76561198278223081,PA
76561198077371369,PA
76561198882418208,PA
76561198117941620,PA
76561198410831960,PA
76561198090800369,PE
76561198172664207,PE
76561198246273980,PE
76561198138929810,PE
76561198124697792,PE
76561198298376773,PE
76561198066996146,PE
76561198093242159,PE
76561198210993131,PE
76561198142570056,PE
76561198046701065,PE
76561198093260100,PE
76561198842388931,PE
76561198049678811,PE
76561198441058781,PE
76561198099097790,PE
76561198193909497,PE
76561197993532953,PE
76561198310132855,PE
76561198888931951,PE
76561198046989883,PE
76561198158708323,PE
76561198095288257,PE
76561198032186951,PE
76561198079770573,PE
76561198002512654,PE
76561198998843221,PE
76561198079778821,PE
76561198098834526,PE
76561198294326938,PE
76561198063449720,PE
76561197960500162,PE
76561198125062499,PE
76561198065248506,PE
76561198003684939,PE
76561198075039966,PE
76561198067775866,PE
76561198118742139,PE
76561198066269509,PE
76561198152446406,PE
76561198301457048,PE
76561198174159137,PE
76561197962080576,PE
76561198310827881,PE
76561198080180167,PE
76561198142706343,PE
76561198065030365,PE
76561197987478886,PE
76561198069755489,PE
76561198089638660,PE
76561198993528170,PE
76561198087389122,PE
76561198074069297,PE
76561198153874243,PE
76561198402421982,PE
76561198118616992,PE
76561198010523980,PE
76561198041959454,PE
76561198273849725,PE
76561198256752075,PE
76561198094588664,PE
76561198281426945,PE
76561198104062933,PE
76561198257735306,PE
76561198201144102,PE
76561198181182459,PE
76561198087699138,PE
76561198152266459,PE
76561198014448813,PE
76561198120784597,PE
76561198024768501,PE
76561197994277300,PE
76561198293395478,PE
76561198147500594,PE
76561198312614215,PE
76561198832267016,PE
76561198012273684,PE
76561198080672276,PE
76561198102770861,PE
76561197986475172,PE
76561198082672773,PE
76561198083969796,PE
76561198116394223,PE
76561198097432312,PE
76561198057963508,PE
76561198106876923,PE
76561198075554996,PE
76561198166162658,PE
76561198179022395,PE
76561198092344409,PE
76561198192095015,PE
76561198067900855,PE
76561198153735661,PE
76561198259507095,PE
76561198262645847,PE
76561198279875473,PE
76561198083014421,PE
76561198873624789,PE
76561198174037307,PE
76561198107194297,PE
76561198016738739,PE
76561198287970805,PE
76561198138410550,PE
76561198192969946,PE
76561198115427620,PE
76561198109186100,PE
76561198797309560,PE
76561198085866715,PE
76561198026868050,PE
76561198410765208,PE
76561198284500863,PE
76561198207055412,PE
76561198073192506,PE
76561198261668113,PE
76561197985351522,PE
76561198388587239,PE
76561198098023967,PE
76561198065423408,PE
76561198853150978,PE
76561197991477396,PE
76561198006876095,PE
76561198108909415,PE
76561198053091115,PE
76561198306752446,PE
76561198108280433,PE
76561198394578059,PE
76561198162184103,PE
76561198140921836,PE
76561198192226775,PE
76561198083919126,PE
76561198400295414,PE
76561198051425707,PE
76561198154082081,PE
76561198152321197,PE
76561198131991910,PE
76561198105666475,PE
76561198411191687,PE
76561198169220169,PE
76561198161179655,PE
76561198051833002,PE
76561198004266514,PE
76561198083090698,PE
76561198100899115,PE
76561198181622661,PE
76561198149317895,PE
76561197969982409,PE
76561198120460659,PE
76561198400724054,PE
76561198082152116,PE
76561198071326331,PE
76561198127032962,PE
76561198083424293,PE
76561198094821237,PE
76561198081585810,PE
76561198013042974,PE
76561198253021726,PE
76561198850285743,PE
76561198093678670,PE
76561198311559705,PE
76561198163990491,PE
76561198393937980,PE
76561198029121234,PE
76561198447611510,PE
76561198092164248,PE
76561198127320707,PE
76561198078047399,PE
76561198081133926,PE
76561198120210899,PE
76561198084473391,PE
76561198118999922,PE
76561197960854450,PE
76561198119270304,PE
76561198111546943,PE
76561198086793318,PE
76561199167018947,PE
76561198277538458,PE
76561198082165958,PE
76561198088643438,PE
76561198298489794,PE
76561198093832067,PE
76561198128699385,PE
76561198836630197,PE
76561198075150019,PE
76561198140301031,PE
76561198096111295,PE
76561198277812285,PE
76561198370055668,PE
76561198070966795,PE
76561198047790736,PE
76561198240048542,PE
76561198069096722,PE
76561198075638316,PE
76561198028337734,PE
76561198324180108,PE
76561198114330752,PE
76561198082141807,PE
76561198257386075,PE
76561198121935597,PE
76561198053833123,PE
76561198134554733,PE
76561198024347239,PE
76561198093688060,PE
76561198183870169,PE
76561198095990849,PE
76561198153930485,PE
76561198324204931,PE
76561198109509541,PE
76561198206169221,PE
76561198085328111,PE
76561198093138221,PE
76561198168871052,PE
76561198329865252,PE
76561198076673874,PE
76561198839518535,PE
76561198184324595,PE
76561198155938887,PE
76561198126042111,PE
76561198065496599,PE
76561198155177448,PE
76561198277626744,PE
76561198110377561,PE
76561198306430699,PE
76561198043382750,PE
76561198104775380,PE
76561198388211552,PE
76561198171454462,PE
76561198165264899,PE
76561198128741923,PE
76561198395526551,PE
76561198139833884,PE
76561198326381903,PE
76561198077645786,PE
76561198832963171,PE
76561198067109130,PE
76561197981178421,PE
76561198165404306,PE
76561198207620757,PE
76561198116497274,PE
76561198062042024,PE
76561198148628660,PE
76561198357140985,PE
76561198088463072,PE
76561198151213646,PE
76561198081424029,PE
76561198113841451,PE
76561198046950519,PE
76561198305107841,PE
76561198310704881,PE
76561198827786361,PE
76561198110527274,PE
76561198326312209,PY
76561198821956982,PY
76561198053487564,PY
76561198133893993,PY
76561198081541877,PY
76561198002006934,PY
76561198409097999,PY
76561198148184596,PY
76561198081531985,PY
76561198799246984,PY
76561198054929155,PY
76561198035728950,PY
76561198094504276,PY
76561198351964928,PY
76561198170752234,PY
76561198065816475,PY
76561198310804090,PY
76561198260733883,PY
76561198148528070,PY
76561198238753028,PY
76561198110947905,PY
76561198039705100,PY
76561198326067131,PY
76561198331670541,PY
76561198079187547,PY
76561198293798139,PY
76561197977972477,PY
76561198256125402,PY
76561198200838989,PY
76561198199345213,PY
76561198006314744,PY
76561198083814666,PY
76561198446871512,PY
76561198346491073,PY
76561198210753997,PY
76561198410760332,PY
76561198353879177,PY
76561198357623261,PY
76561198242181816,PY
76561198906056926,PY
76561198306381639,PY
76561198311986509,PY
76561198029922592,PY
76561198165841443,PY
76561198126263601,PY
76561198085648273,PY
76561198041352894,PY
76561198065453396,PY
76561198143057620,PY
76561198157072064,PY
76561198247108918,PY
76561198134416254,PY
76561198190203221,PY
76561198292431529,PY
76561198198591033,PY
76561198348459946,PY
76561198019556340,PY
76561198126874277,PY
76561198094958385,PY
76561198018614409,PY
76561198090699888,PY
76561197989213624,PY
76561198147768805,PY
76561198165438838,PY
76561198051679672,PY
76561198287688782,PY
76561198276103458,PY
76561198086815942,PY
76561197988401073,PY
76561198964610943,PY
76561198176547114,PY
76561198106466419,PY
76561198188186702,PY
76561198214295228,PY
76561198359044054,PY
76561198196019563,PY
76561198120809294,PY
76561198310150537,PY
76561198252580800,PY
76561198208728439,PY
76561198303175515,PY
76561198106978772,PY
76561198808490827,PY
76561199036523344,PY
76561198274644720,PY
76561198010986171,PY
76561198302927019,PY
76561198365307160,PY
76561198156911687,PY
76561198112719844,PY
76561198983160486,PY
76561198214631065,PY
76561198142871319,PY
76561198031597463,PY
76561198363251094,PY
76561198057954789,PY
76561199004222806,PY
76561198117973534,PY
76561198329050934,PY
76561198200424299,PY
76561198158993791,PY
76561198218771309,PY
76561198138002993,PY
76561199021677124,PY
76561198028683267,PY
76561198079992368,PY
76561198796359915,PY
76561197996927699,PY
76561198332484042,PY
76561198210868003,PY
76561198132814610,PY
76561198188665442,PY
76561198419633404,PY
76561198112272752,PY
76561198421752344,PY
76561198149506199,PY
76561198057562265,PY
76561198810370367,PY
76561198311927177,PY
76561198093442058,PY
76561198211923411,PY
76561198293064250,PY
76561198258209291,PY
76561198141362947,PY
76561198329986971,PY
76561198308762849,PY
76561198159993277,PY
76561198139757491,PY
76561198102046807,PY
76561198391185913,PY
76561198328796562,PY
76561198328045030,PY
76561198214116717,PY
76561198084375299,PY
76561198181760903,PY
76561198260879585,PY
76561198139349578,PY
76561198163562802,PY
76561198835512895,PY
76561198261656450,PY
76561198026398173,PY
76561198301928736,PY
76561198125448665,PY
76561198795634296,PY
76561198089721438,PY
76561198200271629,PY
76561198157704972,PY
76561198085838086,PY
76561198058233291,PY
76561198408642689,PY
76561198283795808,PY
76561198009478219,PY
76561198044781256,PY
76561198049174797,PY
76561198076333223,PY
76561198191858693,PY
76561198047893087,PY
76561198448090595,PY
76561198110765955,PY
76561198278084026,PY
76561198152087617,PY
76561198124207863,PY
76561198222440728,PY
76561198135037663,PY
76561198065973924,PY
76561198120426506,PY
76561198284427302,PY
76561198088998050,PY
76561198165889729,PY
76561198264845797,PY
76561198219320743,PY
76561198268682649,PY
76561198200112642,PY
76561198443620472,PY
76561198152744280,PY
76561199073838787,PY
76561198800376660,PY
76561198820552291,PY
76561198139082171,PY
76561198394033306,PY
76561198841062859,PY
76561198080453889,PY
76561198200405690,PY
76561198282435319,PY
76561198054123318,PY
76561198220805516,PY
76561198224936244,PY
76561198281800070,PY
76561198170588469,PY
76561198432664265,PY
76561198122788790,PY
76561198367479931,PY
76561198858485547,PY
76561198130325702,PY
76561198334503066,PY
76561198214393680,PY
76561198064655381,PY
76561198078434625,PY
76561198362800289,PY
76561198098761517,PY
76561197995843288,PY
76561198026900747,PY
76561198322467713,PY
76561198132872737,PY
76561198377419531,PY
76561198089069078,PY
76561198047613749,PY
76561198866860193,PY
76561198986871285,PY
76561198321323655,PY
76561198189678957,PY
76561198151108371,PY
76561198367434626,PY
76561198113222445,PY
76561198443188501,PY
76561198137927621,PY
76561198795633977,PY
76561198093087764,PY
76561198189403486,PY
76561198241700960,PY
76561198149069401,PY
76561198271073334,PY
76561198104177968,PY
76561198907027277,PY
76561198894106970,PY
76561198369119913,PY
76561199032735674,PY
76561199069892324,PY
76561198950119896,PY
76561199101962938,PY
76561198318229806,PY
76561198313358519,PY
76561198135930882,PY
76561198262523906,PY
76561198006260671,PY
76561198081627488,PY
76561198073655225,PY
76561198447507868,PY
76561199114473572,PY
76561198090225372,PY
76561198362611565,PY
76561199203066029,PY
76561198328758880,PY
76561198095010509,PY
76561198424485763,PY
76561198091644518,PY
76561198101675913,PY
76561198835760082,PY
76561198414711949,PY
76561198298129469,PY
76561198091823839,SV
76561198316798327,SV
76561198029134658,SV
76561198079918092,SV
76561198068293127,SV
76561198066336362,SV
76561198169234649,SV
76561197989984416,SV
76561198855800227,SV
76561198119086095,SV
76561198110522628,SV
76561198045977760,SV
76561198033473756,SV
76561198293724778,SV
76561198878773489,SV
76561198077965068,SV
76561197960447060,SV
76561198118247880,SV
76561198874441418,SV
76561198169812521,SV
76561198007888858,SV
76561198202941572,SV
76561198075181297,SV
76561198089284236,SV
76561198017817342,SV
76561198128775092,SV
76561198026335843,SV
76561198106963513,SV
76561198318321839,SV
76561198132909627,SV
76561198439620022,SV
76561198089017298,SV
76561197960662784,SV
76561198094771175,SV
76561198278691609,SV
76561197999061717,SV
76561198042480101,SV
76561198026818811,SV
76561198129464708,SV
76561198201512875,SV
76561198332571706,SV
76561198126601683,SV
76561198346868590,SV
76561198056632907,SV
76561198078038902,SV
76561198004610759,SV
76561198150865100,SV
76561198022307829,SV
76561198094804810,SV
76561198330196996,SV
76561198117488935,SV
76561198050739057,SV
76561198799304963,SV
76561198025714139,SV
76561198086083833,SV
76561198084796644,SV
76561198074497315,SV
76561198204393609,SV
76561198061514862,SV
76561198202049873,SV
76561198319737052,SV
76561198112822069,SV
76561198017566835,SV
76561198162782785,SV
76561198296745408,SV
76561198077799123,SV
76561198354467460,SV
76561198112158850,SV
76561198071633304,SV
76561198298456177,SV
76561198206362189,SV
76561197982979247,SV
76561198004601371,SV
76561198148886658,SV
76561198345088865,SV
76561198110546682,SV
76561198371967777,SV
76561199033189763,SV
76561198078126264,SV
76561198830166736,SV
76561198442816721,SV
76561198118851797,SV
76561198258995884,SV
76561198302866336,SV
76561198350975397,SV
76561197961998730,SV
76561197992796518,SV
76561198252608738,SV
76561197963274266,SV
76561198061094092,SV
76561198353150245,SV
76561198052725168,SV
76561198087448122,SV
76561198014806298,SV
76561198377438126,SV
76561198029828452,SV
76561198176998115,SV
76561198389914589,SV
76561198342877155,SV
76561198131143066,SV
76561198080129814,SV
76561197968443483,SV
76561198309305945,SV
76561198101359232,SV
76561198329364684,SV
76561198050813802,SV
76561198139517964,SV
76561198194765805,SV
76561198337164750,SV
76561198087917253,SV
76561198165928809,SV
76561198346226219,SV
76561198100451955,SV
76561198053178787,SV
76561197968190397,SV
76561198017479034,SV
76561198173869349,SV
76561198299436878,SV
76561198202180655,SV
76561198348707758,SV
76561198005586877,SV
76561198070060560,SV
76561198312885450,SV
76561198067322447,SV
76561198843160541,SV
76561198012273755,SV
76561198184392777,SV
76561199095061705,SV
76561198332191703,SV
76561198150434715,SV
76561198090889638,SV
76561198347178955,SV
76561198376871590,SV
76561198070485040,SV
76561198031228215,SV
76561198362919581,SV
76561198403442729,SV
76561198140711278,SV
76561198977667689,SV
76561198370769238,SV
76561198025746824,SV
76561198064386422,SV
76561198076480145,SV
76561198006508545,SV
76561198273652551,SV
76561198308583723,SV
76561198369676646,SV
76561198086699929,SV
76561198071364774,SV
76561198183667041,SV
76561198158901608,SV
76561198072348722,SV
76561198186918789,SV
76561198076469291,SV
76561198160900229,SV
76561198203291696,SV
76561198272525679,SV
76561198130658181,SV
76561199011954301,SV
76561198017075020,SV
76561198111845368,SV
76561198126144500,SV
76561198394821917,SV
76561198334892401,SV
76561198161599337,SV
76561198220899696,SV
76561198229197816,SV
76561198218778805,SV
76561198862371502,SV
76561199060529042,SV
76561198334818139,SV
76561198256836522,SV
76561198305928336,SV
76561198162368597,SV
76561198279066634,SV
76561198015910951,SV
76561198160074443,SV
76561198348111506,SV
76561198139998334,SV
76561198184739145,SV
76561198167104995,SV
76561198107523243,SV
76561198034036551,SV
76561198088326235,SV
76561198089586138,SV
76561198129271067,SV
76561198263923361,SV
76561198217100888,SV
76561198371647475,SV
76561197991428622,SV
76561198400929319,SV
76561198257133073,SV
76561198833909967,SV
76561198991343333,SV
76561198410502636,SV
76561198181989961,SV
76561198328120897,SV
76561198051407386,SV
76561198244920732,SV
76561198123319551,SV
76561198033063577,SV
76561197962272512,SV
76561198208604339,SV
76561198879793062,SV
76561198160645671,SV
76561198141919805,SV
76561198157018095,SV
76561198075817749,SV
76561198023195709,SV
76561198859280852,SV
76561198044593594,SV
76561198302105215,SV
76561198375624597,SV
76561198067505645,SV
76561198019395641,SV
76561198043919052,SV
76561198088536608,SV
76561198241849742,SV
76561198121037102,SV
76561198153853283,SV
76561198176385570,SV
76561198341790501,SV
76561198338848554,SV
76561198935871434,SV
76561198202133713,SV
76561198281147252,SV
76561198097646653,SV
76561198374476512,SV
76561199099567424,SV
76561198096057882,SV
76561198360725890,SV
76561198029446378,SV
76561198048927399,SV
76561198796170948,SV
76561198062307944,SV
76561198305126456,SV
76561198027244696,SV
76561198084285887,SV
76561198095763881,SV
76561198170360090,SV
76561198135531559,SV
76561198036341613,SV
76561198332635159,SV
76561198291576039,SV
76561199488878675,SV
76561199017855198,SV
76561198070648530,SV
76561198379080731,SV
76561198256646380,SV
76561198374054371,SV
76561198079029889,UY
76561198803770628,UY
76561198353951083,UY
76561198103670991,UY
76561198076634121,UY
76561198156299688,UY
76561198039098179,UY
76561198092744237,UY
76561198113252141,UY
76561198048863294,UY
76561198061527855,UY
76561198216891576,UY
76561198048643184,UY
76561198401113394,UY
76561198088066831,UY
76561198015132765,UY
76561198275858211,UY
76561198255293952,UY
76561198162851211,UY
76561198054580273,UY
76561198141081865,UY
76561198002188860,UY
76561198044930952,UY
76561198177694730,UY
76561198328288726,UY
76561198868683019,UY
76561198036144310,UY
76561198022394444,UY
76561198050034558,UY
76561198278769898,UY
76561198008674652,UY
76561198040105122,UY
76561198343606901,UY
76561198176033478,UY
76561198069786632,UY
76561198262147310,UY
76561198089148224,UY
76561198995074731,UY
76561198242950384,UY
76561198075314623,UY
76561198368924535,UY
76561198345693270,UY
76561198816037844,UY
76561198062152358,UY
76561198042028601,UY
76561198209844696,UY
76561198119728431,UY
76561198355627142,UY
76561198190444928,UY
76561198027878460,UY
76561198151850625,UY
76561198049072375,UY
76561198058990454,UY
76561198042808484,UY
76561198027170471,UY
76561198110403818,UY
76561198162192537,UY
76561198359925587,UY
76561198101626075,UY
76561198128090572,UY
76561198280470307,UY
76561198796662639,UY
76561198084106765,UY
76561198094119735,UY
76561198143827648,UY
76561198003403649,UY
76561198106898660,UY
76561198331924196,UY
76561198095712120,UY
76561197969713937,UY
76561198967381451,UY
76561198058215608,UY
76561198190109999,UY
76561198808235305,UY
76561198266258638,UY
76561198137213199,UY
76561198317865476,UY
76561198303302550,UY
76561198116363162,UY
76561198078054877,UY
76561198074665693,UY
76561198110156769,UY
76561198359462799,UY
76561198097443784,UY
76561198055638571,UY
76561197991506645,UY
76561198432564358,UY
76561198352132933,UY
76561198051617507,UY
76561198260660160,UY
76561198360382784,UY
76561198196783001,UY
76561197998924997,UY
76561197977012736,UY
76561197998643704,UY
76561198040123832,UY
76561198370157584,UY
76561198351444363,UY
76561198387558205,UY
76561198153503637,UY
76561198056306731,UY
76561198147818276,UY
76561198308217536,UY
76561198163738036,UY
76561198968414036,UY
76561198138139504,UY
76561198141627694,UY
76561198392030739,UY
76561198238681018,UY
76561198137516051,UY
76561198136962798,UY
76561198424162642,UY
76561198069797246,UY
76561198314281173,UY
76561198031145691,UY
76561198067408748,UY
76561198195369567,UY
76561198186488461,UY
76561198372370889,UY
76561198115142922,UY
76561198247837458,UY
76561198195869193,UY
76561198275374131,UY
76561198073546610,UY
76561198087491565,UY
76561198441840505,UY
76561198040014054,UY
76561198378660780,UY
76561198070711103,UY
76561198366979347,UY
76561198069715567,UY
76561198985478003,UY
76561198085578368,UY
76561198337944547,UY
76561198086046314,UY
76561198261776048,UY
76561198105891209,UY
76561198152257013,UY
76561198112479192,UY
76561198105511033,UY
76561198142077157,UY
76561197972018101,UY
76561198283576289,UY
76561198067458226,UY
76561198214549053,UY
76561198111375184,UY
76561198384589752,UY
76561198290518739,UY
76561198112168418,UY
76561198106227191,UY
76561198206491461,UY
76561198373968434,UY
76561198024686063,UY
76561198244299450,UY
76561198129629084,UY
76561198090997249,UY
76561198213744979,UY
76561198308409776,UY
76561198325331055,UY
76561198246203912,UY
76561198286161770,UY
76561198135535884,UY
76561198249496140,UY
76561198286325690,UY
76561198418264399,UY
76561198047801764,UY
76561198860299314,UY
76561198353678593,UY
76561198176619997,UY
76561198078136210,UY
76561198145408343,UY
76561198125788975,UY
76561198002334021,UY
76561198065255544,UY
76561197962960402,UY
76561198038972935,UY
76561198157826610,UY
76561198143724240,UY
76561198131665113,UY
76561197983267526,UY
76561198017534558,UY
76561198018256685,UY
76561198052249519,UY
76561198121016187,UY
76561198103946351,UY
76561198093758516,UY
76561198179628451,UY
76561198044427381,UY
76561198108718983,UY
76561198141048288,UY
76561198091486447,UY
76561199020397242,UY
76561198801213124,UY
76561199049135748,UY
76561198209886971,UY
76561198139182922,UY
76561198395926855,UY
76561198008572097,UY
76561198426712478,UY
76561198070380796,UY
76561198363649298,UY
76561198093120435,UY
76561198160222416,UY
76561198357023205,UY
76561198425812528,UY
76561198872735839,UY
76561198397165755,UY
76561198014005965,UY
76561198076832039,UY
76561198063160211,UY
76561197965189336,UY
76561198959319888,UY
76561198262001770,UY
76561198453262133,UY
76561198271329351,UY
76561198152607446,UY
76561198062671673,UY
76561198355633170,UY
76561198291661126,UY
76561198017985639,UY
76561198116418563,UY
76561198001873209,UY
76561198066978054,UY
76561198163899532,UY
76561198426001775,UY
76561198366608597,UY
76561198093871568,UY
76561198190101647,UY
76561198825032622,UY
76561198289235970,UY
76561198305788003,UY
76561199088452228,UY
76561198280902087,UY
76561198285649979,UY
76561198453893432,UY
76561198368224791,UY
76561198081095687,UY
76561198362570177,UY
76561198404463577,UY
76561198340753348,UY
76561198073522638,UY
76561198202356309,UY
76561198084866306,UY
76561198420184081,UY
76561198836210163,UY
76561198993778427,UY
76561198324369981,UY
76561198301341661,UY
76561199036974841,UY
76561198021447342,UY
76561197966362982,VE
76561198093046534,VE
76561198212097033,VE
76561198097463579,VE
76561197974246367,VE
76561198333240588,VE
76561198831905881,VE
76561198091638762,VE
76561198050536952,VE
76561198008105766,VE
76561199004996166,VE
76561197962053394,VE
76561198116510208,VE
76561198001342466,VE
76561197963181790,VE
76561197975285871,VE
76561198032830899,VE
76561199074797289,VE
76561199053211541,VE
76561198424255707,VE
76561198121311050,VE
76561197972939158,VE
76561198022755326,VE
76561198253150091,VE
76561198093444950,VE
76561198144888850,VE
76561198309085076,VE
76561199074743893,VE
76561197995349663,VE
76561198283331168,VE
76561198087348005,VE
76561198152977042,VE
76561198209744811,VE
76561198065099897,VE
76561198149814878,VE
76561198044739550,VE
76561198057252342,VE
76561198065432291,VE
76561198072578734,VE
76561198093069267,VE
76561197964510876,VE
76561198194276447,VE
76561197967139303,VE
76561198178128687,VE
76561197973670306,VE
76561197974239102,VE
76561197962111821,VE
76561197964319747,VE
76561198121027097,VE
76561198332328894,VE
76561198126322593,VE
76561198964263675,VE
76561198205279940,VE
76561198174244769,VE
76561198043026948,VE
76561198302359691,VE
76561197982245330,VE
76561198015736813,VE
76561198150821251,VE
76561199074776371,VE
76561198146412699,VE
76561197992865283,VE
76561198144302364,VE
76561198382843503,VE
76561197966860115,VE
76561198259795634,VE
76561198831667028,VE
76561198991685834,VE
76561197997376164,VE
76561197964502363,VE
76561198051565162,VE
76561198029175241,VE
76561198253542454,VE
76561198076649205,VE
76561198861416926,VE
76561198075622460,VE
76561198149122546,VE
76561198057793695,VE
76561199064652614,VE
76561198012597554,VE
76561197969171317,VE
76561198040736349,VE
76561198802784894,VE
76561198120395350,VE
76561198139573573,VE
76561198220043736,VE
76561198372492471,VE
76561198056297472,VE
76561197968009092,VE
76561198061029536,VE
76561198000296207,VE
76561198087078355,VE
76561198167434143,VE
76561198927902859,VE
76561198253572209,VE
76561198234612536,VE
76561198318474723,VE
76561198235835262,VE
76561197966526939,VE
76561198006763966,VE
76561198227375820,VE
76561198110758067,VE
76561197988606852,VE
76561198060718512,VE
76561198947127922,VE
76561198111334083,VE
76561198008258847,VE
76561198350862026,VE
76561198099474353,VE
76561198092509577,VE
76561198068500014,VE
76561198135944203,VE
76561198099216708,VE
76561198323429865,VE
76561198074137090,VE
76561197961128124,VE
76561198214470651,VE
76561198827262518,VE
76561197961167864,VE
76561198072508791,VE
76561198106111549,VE
76561198125850238,VE
76561198201916351,VE
76561198079509943,VE
76561197966834341,VE
76561198013070086,VE
76561198018151434,VE
76561198062225700,VE
76561198119820657,VE
76561198111410042,VE
76561198814515689,VE
76561198310665411,VE
76561198152573653,VE
76561198100914759,VE
76561198039225019,VE
76561197961178077,VE
76561198102119223,VE
76561197975692164,VE
76561198014303410,VE
76561197991988873,VE
76561198022277916,VE
76561198108657311,VE
76561199007339400,VE
76561197968253254,VE
76561197990829131,VE
76561197989452600,VE
76561198279176169,VE
76561197974486524,VE
76561198108283954,VE
76561198062542449,VE
76561198332973704,VE
76561197993924661,VE
76561198312086307,VE
76561199169151010,VE
76561198026417576,VE
76561198084732941,VE
76561198108076203,VE
76561198221992524,VE
76561198070976881,VE
76561197973016663,VE
76561198074971274,VE
76561198103089947,VE
76561198078197025,VE
76561198090331159,VE
76561198220213547,VE
76561198018400112,VE
76561198352307760,VE
76561198000284360,VE
76561198180970287,VE
76561198116950557,VE
76561198799686216,VE
76561198092276480,VE
76561197966606987,VE
76561198062282399,VE
76561197966589465,VE
76561198144617684,VE
76561198102448476,VE
76561197960883756,VE
76561198112735916,VE
76561198153250379,VE
76561197961081175,VE
76561197967135574,VE
76561198022212622,VE
76561198058298400,VE
76561198081944830,VE
76561198098576744,VE
76561199069099513,VE
76561198081227470,VE
76561198155198175,VE
76561198351139206,VE
76561198063236059,VE
76561198075834099,VE
76561198080836741,VE
76561198174009374,VE
76561198172771125,VE
76561198039654500,VE
76561198148674421,VE
76561198165729025,VE
76561198067884226,VE
76561197966429107,VE
76561198118634378,VE
76561198333093299,VE
76561198065996257,VE
76561198126987652,VE
76561198424383347,VE
76561198101148999,VE
76561198406212000,VE
76561198122440022,VE
76561197971716525,VE
76561198078891120,VE
76561197966823515,VE
76561198037001077,VE
76561197971709578,VE
76561198019821776,VE
76561198448309060,VE
76561199009389908,VE
76561198124074358,VE
76561197974976786,VE
76561198060239103,VE
76561198199275662,VE
76561198064925173,VE
76561197962594043,VE
76561198001173012,VE
76561197962213325,VE
76561198374180890,VE
76561198104816431,VE
76561198115285492,VE
76561198062546015,VE
76561198058732209,VE
76561198059744013,VE
76561198269205161,VE
76561198070332818,VE
76561198050042476,VE
76561197998388825,VE
76561197997818149,VE
76561198076032462,VE
76561198017170761,VE
76561198113859147,VE
76561198146991703,VE
76561198050716586,VE
76561198100738198,VE
76561197974981859,VE
76561198372913978,VE
76561198274802609,VE
76561198388656501,VE
76561198064845662,VE
76561198105950118,VE
76561198152148425,VE
76561197999064605,VE
76561197993102771,VE
